countries,1980,1981,1982,1983,1984,1985,1986,1987,1988,1989,1990,1991,1992,1993,1994,1995,1996,1997,1998,1999,2000,2001,2002,2003,2004,2005,2006,2007,2008,2009,2010,2011,2012,2013,2014
Afghanistan,0.0,0.0,0.0,0.0,0.0,0.0,0.0,0.0,0.0,0.0,0.0,0.0,0.0,0.0,0.0,0.0,0.0,0.0,0.0,0.0,0.0,0.0,0.0,0.0,0.0,0.0,0.0,0.0,0.0,0.0,0.0,0.0,0.0,0.0,0.0
Angola,-2507.730199284619,-2614.3689320388357,-2607.7911271385437,-4168.084265507999,-1370.2593310630834,-1254.8530629730117,-1424.6572820003387,-1691.2165125651966,-1641.3103217691737,-1506.2610800181508,-1491.2536443148695,-1381.2554188299746,-1132.7304418577733,-909.7941529149775,-758.0947196516059,-2345.770917062477,-2303.1296273713924,-3160.8827982809007,-3003.85657839316,-6404.364489898563,-9223.196840611588,-10335.303090547623,-10507.861664630946,-7982.663866768275,-5958.433689999148,-8200.362353589633,-7604.816421128278,-8725.419074294176,-10207.68941639084,-21077.785667820004,-18896.35657042812,-15293.716994797489,-23665.816155291177,-33929.594770166615,-111612.25054653753
Albania,-1885.957183708169,-3387.6198581560293,-3519.6284087503736,-3274.7018774499684,-4113.103625647099,-5432.393173679674,-3927.465791639989,-3735.7833678886873,-3868.630009764374,-4931.698967043778,-1685.1713109935338,-1328.1916385684854,-1016.6347499740219,-1361.9977118718655,-1211.5126066514094,-963.7192486005704,-748.8339682726895,-719.18044507274,-683.0967673779846,-609.4360663953064,-776.5438819683717,-736.9285438641627,-812.4868427672956,-827.4649297938415,-596.9351124629286,-676.8282598114474,-544.1356767973142,-703.8433971526755,-660.2264150943397,-325.21902876963907,-234.02583810390536,-308.1683906389551,-282.1839080459771,-139.12087912087912,-332.9708737864078
Arab World,88149.4599486958,70759.99021189647,57344.30280348336,49831.59232975068,51353.55189228381,47529.22207803012,50855.39794566662,53052.591108705594,52476.267125548824,53557.39322966594,48308.60397611034,46698.25645397751,44268.738047430365,47701.83559403577,49364.35330413366,45400.41314902271,46641.0987684323,45940.522499512845,45075.35709914467,45389.5780462245,47148.27067258737,48561.31339936973,39946.12683932135,46143.930885576774,50475.76928633874,60886.867619693956,58268.26338097998,54909.848590483096,48451.139766056585,50711.47499217409,60327.00474144098,55544.64082741595,61984.531014560176,62256.97846280441,59342.64654080623
United Arab Emirates,0.0,0.0,0.0,0.0,0.0,0.0,0.0,0.0,0.0,0.0,0.0,0.0,0.0,0.0,0.0,0.0,0.0,0.0,0.0,0.0,0.0,0.0,0.0,0.0,0.0,0.0,0.0,0.0,0.0,0.0,0.0,0.0,0.0,0.0,0.0
Argentina,112216.88802795754,98887.49154679847,236015.55436059795,195733.62974298475,238379.0449267779,307397.72330925986,224885.03897465218,203712.8101901189,65095.40928971109,48443.612460163306,92329.27924092807,65417.23521058585,97278.2504921103,129064.32486658024,193451.98655578805,149931.1157047716,78427.384314479,136196.77512389925,101899.87958355804,53190.960288265596,84242.18482612069,186500.0962309054,211024.94786340205,115391.31873607961,77999.7282128481,93495.62286300653,136296.0708770258,77071.73900205948,65220.33847859721,81402.35518250303,77982.10960214538,111911.44278414725,88574.65797640092,101479.73230943755,107525.90924271029
Antigua and Barbuda,0.0,0.0,0.0,0.0,0.0,0.0,0.0,0.0,0.0,0.0,0.0,0.0,0.0,0.0,0.0,0.0,0.0,0.0,0.0,0.0,0.0,0.0,0.0,0.0,0.0,0.0,0.0,0.0,0.0,0.0,0.0,0.0,0.0,0.0,0.0
Australia,40254.79577311926,44146.13032575561,42761.67502360257,35010.72918447817,33907.12536060007,37645.777072314835,37812.23007762493,35603.570577334845,36591.46208214015,37260.12816431579,32575.47608334015,36876.032018632395,35704.48431748107,39095.65188365802,37382.62220537241,35182.98541899828,35665.59340779963,37902.24172045952,34903.54791208541,36365.7679203312,35812.410406130424,33733.02914742066,34739.94868220431,35180.62459680881,34309.881520267874,33673.9378942569,36215.856500116206,31212.666266691598,26016.058854000374,26214.1075475841,29432.682410946534,36670.82693978966,29727.775066559883,37665.31360220543,36655.88646395202
Austria,-40960.07458356022,-44488.751574094895,-39498.0096219878,-39412.163710069486,-49213.704793318226,-46480.297426452365,-46095.56049624014,-47933.35379154191,-40691.99518645547,-47391.63253398086,-93671.8474006692,-104618.31254727671,-62920.10933380241,-60124.497944739356,-71855.97816636109,-81177.47595502164,-97621.8315049823,-95135.5267716075,-84817.92786924996,-76173.35938942569,-69372.15220835386,-86916.66238669207,-88914.90912901524,-191159.63403839496,-154171.45220917332,-200703.77848375638,-183706.12215061058,-153723.2012802616,-148820.76170046942,-105473.32622796086,-208087.4432374358,-261267.14487711494,-101018.03027340253,-90229.66792690991,-76850.14309493269
Burundi,0.0,0.0,0.0,0.0,0.0,0.0,0.0,0.0,0.0,0.0,0.0,0.0,0.0,0.0,0.0,0.0,0.0,0.0,0.0,0.0,0.0,0.0,0.0,0.0,0.0,0.0,0.0,0.0,0.0,0.0,0.0,0.0,0.0,0.0,0.0
Belgium,484.12372629288694,664.0616544009711,531.9934771030272,430.5030476107687,429.80497395518154,288.55893300259726,311.59183406864923,378.5140223443797,311.7571707279454,281.00287913794773,240.9870524662709,208.32568268524685,310.1276680894571,229.18549132853965,328.86157901901413,309.76009271135433,213.98985392627608,251.80813328862797,322.2151912535297,249.84568336434862,354.2719161026408,331.8282945828484,263.95128025402556,182.62560650113915,226.74418095485208,205.5090144382847,260.3377616756085,272.8887930636947,276.4523134031702,192.21451350069503,204.0912583798301,123.15163935345011,232.1391010243285,229.96129736319497,186.47348257489006
Benin,0.0,0.0,0.0,0.0,0.0,0.0,0.0,0.0,0.0,0.0,0.0,0.0,0.0,0.0,0.0,0.0,0.0,3.8150470219435735,2.673278236914601,3.428446005267778,3.3760563380281687,4.061159798620176,4.884376573250545,3.2603878116343505,1.5677449601500235,1.3611940298507463,0.0,0.0,0.0,0.0,0.0,0.0,0.0,0.0,0.0
Burkina Faso,0.0,0.0,0.0,0.0,0.0,0.0,0.0,0.0,0.0,0.0,0.0,0.0,0.0,0.0,0.0,0.0,0.0,0.0,0.0,0.0,0.0,0.0,0.0,0.0,0.0,0.0,0.0,0.0,0.0,0.0,0.0,0.0,0.0,0.0,0.0
Bangladesh,1995.4444424528135,1840.688525355664,1307.3479651162788,1576.0603442109546,2499.9728685186624,1938.6337883755589,1074.2681473456123,1060.3632769602464,1523.085846089228,1878.9731949633822,1794.2951168775637,1733.6553173780248,1713.9016684421015,1225.9595046249767,1798.7531198295344,687.9235805964186,1432.2457995795799,1323.3471618900526,1535.875485645613,1471.3197546755507,1258.5371703547771,1805.6249168245515,1276.7006156859102,1223.5700265442006,1117.6648710945412,1095.7801926948189,1124.67148026034,1092.127730712511,1408.033066707885,599.343362061581,1080.8192606396428,1237.3130735961267,1099.4397586107655,1265.3870139484138,831.3137203075567
Bulgaria,9589.750457743672,9026.589828507393,7553.948534188135,7804.478284257053,6884.176001548623,5144.737073034273,5834.609917797312,6251.735424841936,5889.101494486429,6187.791890341749,4718.53113384787,5302.303974798456,4930.905941704927,5386.255824100381,3026.1028838514076,4855.567723906583,6019.025261802124,4458.868392547938,5093.120266960671,4642.935738472698,4145.440068031642,2637.2916998918677,3259.933207388765,5008.369873144512,5319.442239531289,7315.507573160503,6867.88221185317,5152.533821967731,4888.142205582148,5769.397590361446,8704.544863248895,4718.3324313696785,5013.405550986416,6378.699326943497,7151.620505356263
Bahrain,0.0,0.0,0.0,0.0,0.0,0.0,0.0,0.0,0.0,0.0,0.0,0.0,0.0,0.0,0.0,0.0,0.0,0.0,0.0,0.0,0.0,0.0,0.0,0.0,0.0,0.0,0.0,0.0,0.0,0.0,0.0,0.0,0.0,0.0,0.0
"Bahamas, The",0.0,0.0,0.0,0.0,0.0,0.0,0.0,0.0,0.0,0.0,0.0,0.0,0.0,0.0,0.0,0.0,0.0,0.0,0.0,0.0,0.0,0.0,0.0,0.0,0.0,0.0,0.0,0.0,0.0,0.0,0.0,0.0,0.0,0.0,0.0
Belize,0.0,0.0,0.0,0.0,0.0,0.0,0.0,0.0,0.0,0.0,0.0,0.0,0.0,0.0,0.0,0.0,0.0,0.0,0.0,0.0,0.0,0.0,0.0,0.0,0.0,0.0,0.0,0.0,0.0,0.0,0.0,0.0,0.0,0.0,0.0
Bermuda,0.0,0.0,0.0,0.0,0.0,0.0,0.0,0.0,0.0,0.0,0.0,0.0,0.0,0.0,0.0,0.0,0.0,0.0,0.0,0.0,0.0,0.0,0.0,0.0,0.0,0.0,0.0,0.0,0.0,0.0,0.0,0.0,0.0,0.0,0.0
Bolivia,-4602.981686320258,-5898.497130242827,-4748.587930254409,-3940.3989652770874,-4498.064660978895,-4604.291886658019,-6031.251751621877,-8791.16739517564,-7137.3079638782565,-13696.334852585107,-81298.37606498906,-13210.45415860734,-43782.181459318854,-18579.01877336608,34929.28278688526,15673.757234078255,19412.3922465304,27002.76854179617,16480.375507214263,28980.11822689349,-1121741.7676055417,-31799.130309849053,-51360.586278586496,33379.80574090215,52577.162712571735,13356.124313193088,17037.16463929247,13638.963584827803,13098.929137152927,11180.811325133434,7485.916527568128,8070.432531930191,7540.994296209399,7878.36462308065,5324.496731975761
Brazil,-49199.552960058754,-50601.35638782335,-48755.30239632141,-49429.053873482844,-56658.34960780312,-60298.52039693616,-79986.18785771246,-77784.05017428138,-74059.46795967789,-71180.97312198993,-68855.02585765928,-69573.43885858844,-73168.46299365674,-73741.85351473738,-73995.41132409769,-77902.9845723237,-86532.29043724822,-97068.31096770488,-99970.17642063356,-121086.43211583601,-131497.49884834234,-159564.44956774212,-140525.0270509401,-136482.00629833364,-153298.7103439707,-160574.26886528367,-161254.31317084836,-156307.1454246344,-204181.7517341522,-160759.4205912788,-217159.0261578232,-187261.11051803574,-271895.8425484948,-438542.165826454,-666311.2252875371
Barbados,0.0,0.0,0.0,0.0,0.0,0.0,0.0,0.0,0.0,0.0,0.0,0.0,0.0,0.0,0.0,0.0,0.0,0.0,0.0,0.0,0.0,0.0,0.0,0.0,0.0,0.0,0.0,0.0,0.0,0.0,0.0,0.0,0.0,0.0,0.0
Brunei Darussalam,0.0,0.0,0.0,0.0,0.0,0.0,0.0,0.0,0.0,0.0,0.0,0.0,0.0,0.0,0.0,0.0,0.0,0.0,0.0,0.0,0.0,0.0,0.0,0.0,0.0,0.0,0.0,0.0,0.0,0.0,0.0,0.0,0.0,0.0,0.0
Bhutan,0.0,0.0,0.0,0.0,0.0,0.0,0.0,0.0,0.0,0.0,0.0,0.0,0.0,0.0,0.0,0.0,0.0,0.0,0.0,0.0,0.0,0.0,0.0,0.0,0.0,0.0,0.0,0.0,0.0,0.0,0.0,0.0,0.0,0.0,0.0
Botswana,0.0,0.0,0.0,0.0,0.0,0.0,0.0,0.0,0.0,0.0,0.0,0.0,0.0,0.0,0.0,0.0,0.0,0.0,0.0,0.0,0.0,0.0,0.0,0.0,0.0,0.0,0.0,0.0,0.0,0.0,0.0,0.0,0.0,0.0,0.0
Central African Republic,0.0,0.0,0.0,0.0,0.0,0.0,0.0,0.0,0.0,0.0,0.0,0.0,0.0,0.0,0.0,0.0,0.0,0.0,0.0,0.0,0.0,0.0,0.0,0.0,0.0,0.0,0.0,0.0,0.0,0.0,0.0,0.0,0.0,0.0,0.0
Canada,-437317.9673656067,-413455.93484917097,-468068.72249708365,-521306.96994133835,-558764.318344091,-528139.1974860237,-492884.96625037695,-633174.8879092243,-846289.2983966182,-1085247.3815590222,-762568.0729550307,-817751.7626442087,-849090.4907049274,-814080.3250487346,-938385.0536947392,-921891.8811266522,-791253.4274794137,-916010.6567247248,-1192727.471395978,-1133971.6366287903,-1259285.7922765915,-1749072.983919526,-1371256.6835936648,-1664188.4138793193,-1678870.6288957407,-1488850.3225554044,-1469741.9403604362,-1451839.3462433768,-1337088.8428792339,-1194175.2283425173,-1401826.6229770742,-1288569.2639856434,-1211744.7144882358,-1298265.3426498568,-1462555.335088919
Switzerland,-4897.126114357426,-4451.343030846988,-4309.383471434529,-4482.1900804601355,-6370.236216351052,-8425.954179740524,-8943.182194566225,-8069.491360638561,-6694.403476220872,-10482.425203403853,-33464.06773372044,-25857.97372742617,-28248.492771192232,-18247.718838610057,-18555.471799549185,-23273.239897011,-127527.10657479924,-35005.19786847646,-50960.731928186084,-22747.776583601422,-29548.949861338053,-24064.31273368873,-48182.61508155801,-53521.369607496854,-66989.9273290045,-50319.7844331643,1115416.0606837822,-59386.72316757695,-51905.492370098116,-53518.84734967518,-40204.17825416555,-115564.77493335678,-28039.86058720082,-33049.73696380592,-41840.025421223734
Chile,-29710.118788301705,-26967.526950385887,-16951.347835037577,-16568.20782840262,-19594.929668053082,-15966.872545022088,-14627.587676207739,-14141.146492157064,-22677.135641994882,-67559.31221496184,415610.3734679859,-38500.06123213617,-23717.873994004924,-24435.477591415918,-40338.44618697682,-47512.260782316815,-179608.01815304655,-148302.47022360377,188732.03367823295,59993.34718248183,243448.86109618886,1339064.135105031,-949970.5414511214,244761.07110132164,141830.7398216699,-2598886.2769423537,-481663.46615733416,113094.08362584813,133195.99197747145,140130.89099780435,73902.3905817174,60593.61803473595,53083.69619398968,45853.95054180219,59616.08757912639
China,242985.80377817716,277028.8634697735,336423.2956964392,408917.3458837971,391002.03264549375,443043.18008541333,423392.90179841215,434091.4171212101,480778.06194355775,542947.5986890534,588002.9548285218,545331.7754995478,560616.9351224113,655921.0483849121,722507.1174044053,829224.7589748866,856154.3721908681,835259.7721583548,864705.5608924878,802809.0861650085,848700.4718018407,1070396.1189208769,1082312.3927099397,1030857.1979672225,1243766.6053724017,1378159.6143674855,1471718.3315335552,1515568.7927355177,1930626.7432867805,1997678.412091233,2320808.7493143086,2108091.8935483196,2789034.017762305,2742299.180361059,3172663.755953317
Cote d'Ivoire,-3429.8692118797203,-1347.8915298663053,-2363.3764977701358,-207141.64705881543,2414.449101796408,-6999.724196158447,-8926.371001399357,76801.74863387982,-39104.09356725149,-6388.280575813212,-4474.666666666668,-3738.0568600905654,-8699.682662675003,-361248.7256756763,290338.3539955278,-11897.140215168482,-35156.66210670304,46422.33261299368,7677.118325920409,6275.151560828163,7052.1222391129395,8505.793811613486,5678.38359251747,5951.034557102796,5719.052565619997,4316.1537084262545,3332.603044816161,5277.564409770595,5731.431526883335,6379.684158365956,3871.2585417319438,4817.388456377274,4468.471827263517,3231.1433401348622,3982.50900697825
Cameroon,-349.9245049446917,-516.6713534274027,-641.9578551249228,-469.0253860233269,-345.6759367630359,-222.58722761053042,-70.72386927341698,-82.80284043441938,-72.11264733666916,-228.21303050025807,-53.36930297236225,-36.85082617233917,-101.43730271601513,-97.6905656327144,-90.8938341601701,-104.3347047803444,-110.99849076242516,-75.94256116690772,-121.73298000857335,-103.97650870797894,-99.50717056467404,-154.462375595285,-220.25759881156023,-319.7774009410304,-331.49597855227887,-430.11317174755607,-2165.124715137515,-5911.935952434716,-5567.713859910581,-7789.436746662186,-7157.3909134522755,-5404.148285282783,-6278.586236429237,-8480.72791362551,-7203.343802156953
"Congo, Dem. Rep.",-371.07953882795977,-372.4323799344987,-339.6614992673185,-371.3915814947352,-376.7917321751125,-369.0706053970604,-347.4108568075117,-382.33754337988137,-356.2404064425467,-133.54608759874972,-273.4561634018156,-255.4736320494453,-200.3450792363695,-227.7368448239553,-108.73333792818248,-149.41914140505148,-161.66034407462826,-132.60584285279938,-105.49652636703992,-88.8517185241537,0.0,-23.56907844918976,-24.10958272496734,-21.002667813815048,-23.769520007753357,-23.44415123980978,-69.8820186368688,-138.37557875440592,-131.40816720155567,-121.97103843287938,-131.06725741682118,-129.30290142332098,0.0,0.0,0.0
"Congo, Rep.",-209.72624798711757,-225.55092592592587,-114.72058823529412,0.0,0.0,0.0,0.0,0.0,0.0,0.0,0.0,0.0,-42.33380171740827,0.0,0.0,0.0,0.0,0.0,0.0,-106.73280875812522,0.0,0.0,0.0,-87.936,-122.12927756653993,-119.85903386625411,-140.1172427733981,-112.36916695471828,-123.98024903392009,-848.7550665894616,-2634.443952148868,-1774.2202943659868,-4029.9296258714994,-4355.767327903756,-6258.889874353287
Colombia,-40386.68875674176,-45024.42443580304,-48616.74958135153,-57692.98537045196,-55099.38774656734,-52997.38082735508,-47062.68697691939,-43650.19776579982,-45168.48853707305,-40855.35837097159,-45420.33830027044,-46140.37167252635,-64636.49609526451,-55560.51287430598,-45017.30782424896,-45308.22479053211,-34223.580045546136,-55082.456740583984,-67434.32061478085,-37196.83658364407,-44862.48642680096,-45375.64724137413,-42243.83065198243,-42386.48646550463,-34633.30371718984,-40132.32574985808,-39110.382251508585,-37837.85950201647,-34143.32635616916,-71730.25082134048,-82821.11248743343,-42120.39492101338,-53777.83955469786,-80689.79124565258,-76253.25895360147
Comoros,0.0,0.0,0.0,0.0,0.0,0.0,0.0,0.0,0.0,0.0,0.0,0.0,0.0,0.0,0.0,0.0,0.0,0.0,0.0,0.0,0.0,0.0,0.0,0.0,0.0,0.0,0.0,0.0,0.0,0.0,0.0,0.0,0.0,0.0,0.0
Cabo Verde,0.0,0.0,0.0,0.0,0.0,0.0,0.0,0.0,0.0,0.0,0.0,0.0,0.0,0.0,0.0,0.0,0.0,0.0,0.0,0.0,0.0,0.0,0.0,0.0,0.0,0.0,0.0,0.0,0.0,0.0,0.0,0.0,0.0,0.0,0.0
Costa Rica,-360.23391812865515,-300.24451628836357,-538.8833333333333,-376.1981490910181,-311.1782150407285,-308.85736894164205,-464.9195713487709,-603.205758315629,-668.6318166138792,-440.41039337095793,-443.1534494025393,-666.4372036719458,-2090.740748906772,-1409.610630988199,-2825.7029536885216,-3008.255973980267,-1599.5723087015856,-848.9966807993676,-1172.778433587924,-394.9863471575861,-186.49413950700537,-583.3348584274797,-647.4169009127704,-751.5036414822725,-442.36014710710367,-986.8541666666671,-1951.442706689199,-2681.40041877457,-2307.2620286041733,-1537.256079378952,-2052.961879680992,-2466.958532549713,-2257.7821937182193,-3579.800353644925,-3479.618285702394
Caribbean small states,0.0,0.0,0.0,0.0,0.0,0.0,0.0,0.0,0.0,0.0,0.0,0.0,0.0,0.0,0.0,0.0,0.0,0.0,0.0,0.0,0.0,0.0,0.0,0.0,0.0,0.0,0.0,0.0,0.0,0.0,0.0,0.0,0.0,0.0,0.0
Cuba,197.30516265864935,116.9613220779209,90.25323049036577,103.0916920000884,109.34064195051806,95.6989623836667,106.14295763236015,77.90228064322326,128.28649791563114,137.94166155620061,154.0796937912186,199.35855749975397,190.59976627294796,208.8127987251136,131.51338817590323,151.6414870923225,186.27031713759385,190.80109037063949,140.94913085688458,140.3196293307306,124.95561485116926,91.81558424412738,181.96768067937356,230.2707145350103,155.98506124958186,121.44999302985505,162.715494273334,191.97779080146913,262.7282027041761,253.76518673035412,215.18760230898224,208.79341228888512,228.81761877934318,248.48424426123086,199.70389811753955
Cayman Islands,0.0,0.0,0.0,0.0,0.0,0.0,0.0,0.0,0.0,0.0,0.0,0.0,0.0,0.0,0.0,0.0,0.0,0.0,0.0,0.0,0.0,0.0,0.0,0.0,0.0,0.0,0.0,0.0,0.0,0.0,0.0,0.0,0.0,0.0,0.0
Cyprus,0.0,0.0,0.0,0.0,0.0,0.0,0.0,0.0,0.0,0.0,0.0,0.0,0.0,0.0,0.0,0.0,0.0,0.0,0.0,0.0,0.0,0.0,0.0,0.0,0.0,0.0,0.0,0.0,0.0,0.0,0.0,0.0,0.0,0.0,0.0
Djibouti,0.0,0.0,0.0,0.0,0.0,0.0,0.0,0.0,0.0,0.0,0.0,0.0,0.0,0.0,0.0,0.0,0.0,0.0,0.0,0.0,0.0,0.0,0.0,0.0,0.0,0.0,0.0,0.0,0.0,0.0,0.0,0.0,0.0,0.0,0.0
Dominica,0.0,0.0,0.0,0.0,0.0,0.0,0.0,0.0,0.0,0.0,0.0,0.0,0.0,0.0,0.0,0.0,0.0,0.0,0.0,0.0,0.0,0.0,0.0,0.0,0.0,0.0,0.0,0.0,0.0,0.0,0.0,0.0,0.0,0.0,0.0
Denmark,58.38447810178497,68.9075256884133,70.16189383011877,76.43730555641511,66.37671616789143,64.72604426442138,58.276953237180535,60.06295361896866,67.69912084217646,48.11707499086493,56.51524052906139,47.85156057147703,54.6196494325923,52.30991477605526,58.39120641922012,52.14899064764443,32.27498592099667,30.803430054598834,44.01200211965844,47.37759859771538,44.56209342292746,41.58499793098182,45.490801802927734,29.082081294836367,35.1318761781733,29.15626782121529,30.852541479429394,36.974289971920946,33.57222631533852,24.19119801030224,25.97833286526876,18.8243823702463,18.476904577909195,14.234778919179119,14.128572076552667
Dominican Republic,1626.2721733243059,14050.481666666667,3537.74559377406,4944.03887314391,5999.245772366199,4754.962474513038,7900.390996784561,9817.625036514952,48134.72975906223,1847.3138859766345,948.865916216216,1677.7400971072307,1253.770807533397,3865.185158930414,1352.3839491373676,1999.1053772815587,2610.549674997933,1732.666551070096,2862.657858203595,4028.4819116263297,2300.363103764994,1910.2259290549202,2374.7908672586877,3231.0289753626835,4021.675708697759,5355.4887076651885,4442.5316968475945,4296.614261129474,3243.0095821840846,3411.7104299299162,3090.719909303768,3315.7249236357643,3933.1416427460404,4100.277501269681,2375.7079185966445
Algeria,2395.4561924949408,2205.836764058771,2306.1726459468146,1384.5417554413295,3129.992643338714,3998.537215742217,1527.8623507731752,3429.890638331889,1143.050109381123,1232.860919539855,592.3631136192809,1216.0607488907362,780.8484514412532,1383.7231793477567,670.5654530285494,889.5898615468715,602.7559408911579,303.7884291469025,973.0535261866646,738.2245024692603,177.89455466927916,210.27079602392547,176.36978553907997,755.2671790485241,625.2964884011277,1527.4132136520072,537.0589715924682,538.484411150118,629.5016939009023,761.4262612119123,346.55018615142757,941.7288205951199,1148.0291916109595,575.7597670277519,449.97718607627826
Ecuador,4486.420223020223,3904.483111380145,4750.103777465156,20513.944960930996,-14332.471219887468,-9562.601693825041,-5432.890664044075,-4748.034813833149,-4328.527910329588,-5045.283611633827,-5561.395812364088,-7277.205207278891,-13205.674959984935,-8900.343907608098,-4439.56364262889,-29401.415510519848,-19911.151112604522,-20267.609326313526,-34970.99743120625,-18095.081226907514,-15177.831386625125,-26157.44874069341,-29088.527191586953,-32225.017109625147,-51697.78226024304,-93068.42661223299,-609938.8648648547,-92931.07195872189,-50193.02673142573,1442852.3872367032,85111.65838469035,-130735.31380105006,-148335.1990851686,208183.11537224302,191487.5290286881
"Egypt, Arab Rep.",-303757.6158745405,276514.08887577633,178429.6876985879,47766.62521310705,33526.25830052288,22573.660353132836,29403.354507067615,20778.28976034792,20756.76550433303,21395.67577484763,21942.823181835152,22161.22493670242,20702.30361357171,24421.762726111006,23872.444313358217,25096.31977221704,23957.594642731365,24748.597927375286,27444.765961561254,33639.16850494865,26341.975169422676,25328.819435867765,19072.887242697845,22245.670328521384,23143.84149269882,22292.20048732452,22465.03416903114,25745.20351126226,25089.008664358666,21205.51048600492,19336.409714332003,19033.819960238994,20913.652491408327,19257.73877818409,19760.437542370284
Spain,96823.55454330277,56571.32003047693,77078.57491055019,76530.04686823621,91004.36461471657,76661.66092056266,53262.93619140159,52632.690839817136,69728.37581575902,31529.44952706435,42740.29758554979,46173.648043960486,29796.697029840892,37752.97639335211,46632.2047507011,36533.74938320023,69730.86528736245,55370.243484753744,51795.22988365258,32527.74521068287,40266.9945095994,59606.231928329864,26992.59257129557,54667.327976215376,37232.62981010459,20118.83935592662,29556.911588387673,31978.253708031854,22573.832689084848,23959.58596987669,36092.004304238755,27489.816093604346,18062.7947563916,30742.984576847597,34872.763181793496
Ethiopia,-1451.6016460905357,-1343.5610325950029,-1160.0712093308782,-1362.0165517241376,-1194.3035460992917,-1297.276464542652,-1044.4161849710981,-1018.6750342130987,-973.4823388998873,-963.053469712746,-928.8319921629,-979.0624813437256,-324.07409868523655,-260.2366870807815,-186.50094735183458,-189.92574141822993,-164.74088767666748,-114.41609773625584,-92.52812087562009,-44.323597333753234,-45.130207045735474,-43.526118129054296,-43.40544491138315,-21.979185191485413,-44.44231921693968,-22.89877620045017,-23.003919154611673,-374.93051162303414,-1180.883572731866,-1250.6328217185703,-89.27641328644604,-91.04387042018688,-24.277261618196107,-26.21924964330335,-26.62238323925071
Finland,22492.715706043673,29046.100245099406,20131.951273720046,20554.761351065605,17756.259661443102,18286.952810351937,19004.273172474845,22408.926247830077,18610.494019826543,16565.773858229357,12697.577962379613,17649.371821591474,19257.878216151985,16648.02486231611,14478.151269840155,15907.686015756699,16260.77182760777,15955.550088337139,18151.886479400553,14116.159292351354,17930.64858538123,16107.812736221687,13406.76089292749,12023.425285100102,20646.48543763933,16999.92235425641,14760.79557178805,19270.819476226963,23584.928468159513,15858.380325674827,16615.828049971755,15635.695409209951,22575.15346251329,13827.44069529525,15543.727988276847
Fiji,0.0,0.0,0.0,0.0,0.0,0.0,0.0,0.0,0.0,0.0,0.0,0.0,0.0,0.0,0.0,0.0,0.0,0.0,0.0,0.0,0.0,0.0,0.0,0.0,0.0,0.0,0.0,0.0,0.0,0.0,0.0,0.0,0.0,0.0,0.0
France,178935.0149403851,135995.60551088917,127387.56198898544,95586.46731151492,62065.17046221473,45766.865271468654,34674.17828916513,35868.26663651112,40052.562314935894,23010.000917846475,24101.716129198514,26795.40501885451,27690.817680875152,20712.721437505093,25348.59739068646,24089.31155691183,21947.531516574265,19226.786116644504,23280.333264781097,25157.43823491692,22751.242747295913,24130.033671990237,18751.25880581446,18666.785461466905,18536.736529729467,16808.97058394257,17838.560687163994,19281.945025445348,20815.472740396173,18812.418610127548,20498.022574060793,11666.66938078466,15382.953651140608,18860.82392483246,12188.569800652063
Faroe Islands,0.0,0.0,0.0,0.0,0.0,0.0,0.0,0.0,0.0,0.0,0.0,0.0,0.0,0.0,0.0,0.0,0.0,0.0,0.0,0.0,0.0,0.0,0.0,0.0,0.0,0.0,0.0,0.0,0.0,0.0,0.0,0.0,0.0,0.0,0.0
Gabon,32085.209302325202,-1752.216076338347,-1418.169381107492,-2180.9514978172524,-1481.58472925594,-2545.518574448807,-2242.15174210355,-2188.869136726547,-2100.2884405074365,-4363.644001344241,-5002.3221916971925,-4471.274818639306,-4697.673041951465,-4628.49168646081,-3312.8885381253067,-4159.711612358487,-6717.624331027277,-5923.178540273332,-8703.679627432883,-7238.905688622756,-7982.9381443299035,-6690.559900875087,-7560.838509316768,-11341.930229401383,-12371.317073170716,-57815.15098265841,-11879.140000000001,19836.44845360823,74613.24000000028,-50710.38651767708,22243.287880718704,7280.854216604924,8553.59171335751,7040.3115044247725,3470.4853359294634
United Kingdom,7509.513524044005,8208.889889569798,8380.61361350871,8261.27059572478,6691.044788670918,6962.793417277069,8236.53187011326,7147.3504832304125,8218.229762245037,8010.483698558613,8471.523159927272,7383.900321410048,8791.5010144345,6343.84045198311,7391.991686055084,6782.702305034383,4570.908268970418,5317.489941934361,6506.434228523782,6705.1060550648635,6549.491840033907,5179.649293655233,5968.0899617163195,4062.3768322062997,6148.548038299307,6340.757224344474,6041.641343113588,6511.41229176257,6527.3606991076185,6040.549768456679,4146.686249037541,6476.074710232876,6487.913531425292,5473.028101873496,6389.425723207455
Ghana,-306.1876149729824,-294.26041534821684,-317.95766862894897,-295.18034865293185,-261.47032029182293,-353.67050067659,-275.1616601223219,-169.91379310344828,-230.9623430962343,-202.66666666666669,-210.3858267716536,-276.07017543859655,-237.7313432835821,-268.40923123117483,-372.4220204104106,-296.77530422267535,-255.8037194908703,-106.62806875978092,-4061.5144634777002,-3281.9307826166987,-1586.8453590843774,-3020.7619129018235,-7904.471558548291,-8664.982264814402,-1912.9823006734362,-3274.3275950782995,-11743.012853598017,-48422.2937270259,-6889.609281900196,-4134.242259540606,-10802.76738906089,-9178.535057465308,-11338.281858624,-17905.92668898093,-15492.950811423287
Gibraltar,0.0,0.0,0.0,0.0,0.0,0.0,0.0,0.0,0.0,0.0,0.0,0.0,0.0,0.0,0.0,0.0,0.0,0.0,0.0,0.0,0.0,0.0,0.0,0.0,0.0,0.0,0.0,0.0,0.0,0.0,0.0,0.0,0.0,0.0,0.0
Guinea,0.0,0.0,0.0,0.0,0.0,0.0,0.0,0.0,0.0,0.0,0.0,0.0,0.0,0.0,0.0,0.0,0.0,0.0,0.0,0.0,0.0,0.0,0.0,0.0,0.0,0.0,0.0,0.0,0.0,0.0,0.0,0.0,0.0,0.0,0.0
"Gambia, The",0.0,0.0,0.0,0.0,0.0,0.0,0.0,0.0,0.0,0.0,0.0,0.0,0.0,0.0,0.0,0.0,0.0,0.0,0.0,0.0,0.0,0.0,0.0,0.0,0.0,0.0,0.0,0.0,0.0,0.0,0.0,0.0,0.0,0.0,0.0
Guinea-Bissau,0.0,0.0,0.0,0.0,0.0,0.0,0.0,0.0,0.0,0.0,0.0,0.0,0.0,0.0,0.0,0.0,0.0,0.0,0.0,0.0,0.0,0.0,0.0,0.0,0.0,0.0,0.0,0.0,0.0,0.0,0.0,0.0,0.0,0.0,0.0
Equatorial Guinea,0.0,0.0,0.0,0.0,0.0,0.0,0.0,0.0,0.0,0.0,0.0,0.0,0.0,0.0,0.0,0.0,0.0,0.0,0.0,0.0,0.0,0.0,0.0,0.0,0.0,0.0,0.0,0.0,0.0,0.0,0.0,0.0,0.0,0.0,0.0
Greece,9676.130467085908,9706.864953442886,10527.683378250573,6351.087616665621,7977.461946902655,7527.51756332533,8830.479290923116,7339.946600307067,5866.42633987337,4894.953026658919,4470.060860092045,8059.672475471715,5450.332794446167,5547.9138513050475,6306.031593029759,8954.419596412426,10574.257406418863,9232.50819504302,8440.05296551916,10215.764624241563,7983.766388638715,4309.1137185514735,5780.53615221732,9884.731397634294,9802.797173227917,10670.133863502246,12235.914011313907,4715.711065346481,6134.700935142269,10522.240944621986,16006.043051857627,6900.111658592065,8081.417029884419,11976.326317317462,8459.870163691508
Grenada,0.0,0.0,0.0,0.0,0.0,0.0,0.0,0.0,0.0,0.0,0.0,0.0,0.0,0.0,0.0,0.0,0.0,0.0,0.0,0.0,0.0,0.0,0.0,0.0,0.0,0.0,0.0,0.0,0.0,0.0,0.0,0.0,0.0,0.0,0.0
Greenland,0.0,0.0,0.0,0.0,0.0,0.0,0.0,0.0,0.0,0.0,0.0,0.0,0.0,0.0,0.0,0.0,0.0,0.0,0.0,0.0,0.0,0.0,0.0,0.0,0.0,0.0,0.0,0.0,0.0,0.0,0.0,0.0,0.0,0.0,0.0
Guatemala,557.4300055701034,739.2600082572195,1252.272359852719,9381.325333333325,1994.9717222404022,2339.2184881927114,-541.8240899991542,-1188.8749637786145,-1090.1785714285716,-938.0640231003557,-1045.2633121495326,-1283.9503557312262,-469372.3394549638,-17103.290799136077,-25991.72677287464,-18919.186575654123,-11962.472829057706,-23012.869519379874,95015.96209036258,21938.274611533045,14107.597790655553,8995.054216421351,5989.6311541218965,11033.391819798459,7478.420066014255,10479.203444480023,15870.0676785585,8321.959289557535,18573.13863928113,6439.061271958802,19002.83172131948,29700.025856591714,51413.79393219428,50394.32478097617,36378.43389294113
Guyana,0.0,0.0,0.0,0.0,0.0,0.0,0.0,0.0,0.0,0.0,0.0,0.0,0.0,0.0,0.0,0.0,0.0,0.0,0.0,0.0,0.0,0.0,0.0,0.0,0.0,0.0,0.0,0.0,0.0,0.0,0.0,0.0,0.0,0.0,0.0
"Hong Kong SAR, China",0.0,0.0,0.0,0.0,0.0,0.0,0.0,0.0,0.0,0.0,0.0,0.0,0.0,0.0,0.0,0.0,0.0,0.0,0.0,0.0,0.0,0.0,0.0,0.0,0.0,0.0,0.0,0.0,0.0,0.0,0.0,0.0,0.0,0.0,0.0
Honduras,-661.4911854103344,-653.5002184359984,-727.1698113207544,-898.5384980988593,-842.6681805830515,-318.7234420048792,-157.14013015184383,-212.02618863009027,-197.30129025903673,-168.7679461040688,-121.02322875136754,-76.06301824212272,-295.4414662030012,-405.1990866860876,-995.4754118552737,-5294.580239862935,-3312.618694362018,-4030.0523098624653,-12675.985692188695,-4682.1532649757155,-6068.2019438999105,70345.32683315095,5845.423262105283,5769.709619641898,3280.0849918467875,3864.294189376965,3944.633260135136,6727.152306384828,6921.616623526771,13219.280281542458,24515.379417856482,8623.500271932442,5066.90625839733,4957.065329455423,7115.546354269581
Haiti,-296.09318996415794,-582.2161172161171,-760.8129564941257,4420.216470588265,3405.128205128206,9043.199999999888,-638.1820473323066,-1087.0150515812613,-832.3963720048732,-993.2917744203986,-738.8639462704792,-834.9103416647558,-427.6742770167428,-243.02608695652174,-119.31721194879081,-7376.355555555582,2087.8292607485264,735.0873823698867,2843.0769230769165,-1426.0714285714291,-5606.681159420292,4200.82308420057,4472.1558552772385,3666.7756097560987,3442.1085635900417,3631.653069153058,3642.9759547383364,475.93965517241355,724.2013348164621,355.15815495579335,432.7353225044664,100.1851027237458,515.4158434650456,266.85103820771315,177.11911922116315
Hungary,343.264963087034,517.1134849833787,486.73936290976866,469.67273998169645,545.718262679693,408.9514512722911,386.16480901200276,390.32829382769063,345.9384070248002,306.17637624845673,314.98832223315316,332.5678314412685,261.73011899866555,273.93391142228785,245.50233315325886,256.34576798651835,323.2644854150158,351.0005179817109,238.28726960488467,266.20162302681655,254.90853059175606,256.9349769170215,253.563207770347,248.11969501884693,276.4670657670327,237.61241080101337,221.3723554247235,235.72770023588097,228.13048208288092,225.11479089718875,190.14198809826158,222.9221554462404,212.8344637164062,203.9735313098197,275.0984166212466
Indonesia,9383.68450821459,10735.325768731687,6660.965536419776,8675.694938027968,12383.224928044758,22112.725613742776,34519.64110832235,22367.25810922947,26431.672024024985,32838.13035245855,28642.297869432176,36956.48832279815,55011.36965820922,43983.405681529905,24672.783195134525,27913.784551016415,29057.67492013907,16590.176769810412,28670.76951740872,24691.585698515213,25189.51231635663,32136.129078201484,26902.02760293874,23930.55428542346,24532.115875743737,26936.590981304755,22331.366472945127,27769.21412219515,30642.450962947136,30715.02315630097,44769.21156606708,41475.67991361031,40324.37963034604,38428.33710341067,31387.78339382336
India,332342.85264192923,325173.72825138294,253913.11020752872,256721.49958026072,225896.1497863825,197496.78303603208,203923.71986982223,154681.23018498995,200086.08827610803,209747.73002492185,259790.73654605952,249769.29191497425,231604.96348708574,229194.82308420463,273892.90730847727,218418.769967521,209105.30786593386,218391.46908344116,242624.46201955556,225302.27140161075,201648.65573093054,194505.1059749201,167288.02885044925,204362.2534435899,236342.53540643756,293292.87721150735,326987.07483502186,351535.94462853664,319572.49976368505,297695.3750676017,297301.0920087693,347709.37545171427,307436.84432179126,331306.2497124167,308475.8800043442
Ireland,1584.9178478993722,1510.2636000945176,1395.2221667651918,1312.9267211827673,1124.601144700506,1435.2089817859435,1699.7354795697238,1324.6573130728452,1748.971135601837,1271.5759175208964,1222.8611136649058,1296.0111174157862,1412.683631416387,1284.8298952145383,1581.1049638712216,1169.3596965826885,1166.241790742768,1096.9562662058015,1487.320722729517,1346.9110261101966,1218.7422253424995,886.5383165386011,1338.2311279638893,796.7334187424025,820.1203767209815,794.2030931267575,821.822436718271,752.3581295369803,988.3768565288418,921.2657067688624,602.6553477075693,663.669939505348,806.4752918115254,572.2229988368265,661.8223013063381
"Iran, Islamic Rep.",25205.05128172348,22552.983186821097,22031.815536922546,17781.718080870287,14249.371266778186,13253.33246212987,18820.23150499066,19696.11725195468,17877.0635218684,16855.52493846928,13340.241616976482,15061.017338843863,19505.45585481035,21431.320069767582,14297.059726261956,14233.167950091305,13843.5507346128,11597.12332154291,12882.338439563237,11016.013447054165,6945.993048995284,9940.310164959601,15490.713339846732,21180.144631546922,20066.23761375855,32311.870458650246,36452.74749634196,33600.51036616594,8564.064005121894,12455.716636231682,16774.091759776264,22152.560629264302,23038.443405383656,27111.77359808922,25049.12219023804
Iraq,1976.8291014792392,1015.9233811561268,587.2716545890751,933.4779266200552,854.2168784442317,904.9706112320672,1005.6512771169616,5491.392327083661,6876.730561752181,7079.280744487577,4194.949474684548,1420.0054532419076,1546.9428387221194,1604.9830622863733,1681.667763157895,1672.529143923251,1487.448114036602,1675.2817271591805,1382.0150051078426,892.9884537510477,1020.7254955430653,1340.7469604488301,1045.40745984955,1330.5576998647114,1521.7356432658219,27853.357662932038,20319.32951130012,9258.416459410902,8580.833355207005,11498.331528365123,15075.483030811787,9879.185762965515,18090.316143963795,17616.254459803535,10374.470163260814
Iceland,-66.05265551839464,-85.33832913763831,-43.33947395353597,-20.594424018258806,-22.6669189294584,-21.091534861595935,-22.321839080459764,-22.729099947866228,0.0,0.0,0.0,0.0,0.0,-21.635549235691435,-20.82211764705883,-21.222659905851458,-21.4039434699655,-21.508671768553896,-45.34308943089433,-99.4715957563163,-25.317532926721473,-25.692494167294093,-24.853228930693717,-24.71303670666525,-24.985966295072252,-26.217684851897285,-31.727536445796815,-69.48924519241108,-29.619979033139796,0.0,0.0,0.0,0.0,0.0,0.0
Israel,0.0,3.4435050205322257,3.820259523420042,1.8332067532171405,3.6918409578003843,3.8007553458605026,11.299516682525603,17.676148909610863,18.14307246186864,5.570702314996907,6.277673780478733,12.379812793873946,63.64516572133911,56.37654578425919,48.85402586502254,51.2329874782293,48.21162083212464,50.39729509080101,49.30263196014779,61.391358851881485,57.61554417036648,19.243314448613795,37.56889296059069,55.86208464568428,46.877143746966276,45.16857655211265,25.55684028274326,22.64978533635015,25.842088060138693,36.21358445239738,46.96919281065637,45.879761977975704,54.79031822192478,43.87156461274265,18.785378602160062
Italy,128297.29230612266,120842.69687809797,108112.06447650853,106741.5921420984,110098.64607575526,102448.10332346449,96929.46241765204,89741.81209092602,93835.65479122593,72258.27725176944,64908.532714249595,95672.803679562,91979.32568014419,87840.32729787308,94792.56435976173,75202.45549247791,84179.71896868516,80700.97656894109,77976.4967912662,83987.4524342461,79778.65794279643,83992.65829670294,67034.08127038341,59590.62430098014,74507.89941456926,59178.82841579296,59447.98582898368,50885.38585139141,65422.02351626643,79752.49380889068,82367.95808076044,69064.50870161882,56915.3881313855,72603.75075750714,82850.90649070237
Jamaica,276.47031765096733,255.73228174654125,250.03414299292425,310.285311233351,298.9291971114815,327.4860877816104,271.46934723256396,268.1685032780024,187.9296679914739,309.9566786559686,162.07653458970273,209.61461690456684,160.37395879870942,185.58084722089004,157.68554044982662,194.7764914041483,195.3515213182348,215.98371109006982,204.15190944394624,204.9629073167527,209.2573449593278,110.25877848023084,162.02243374059333,208.66410809824905,181.06294430853367,187.10541040798637,167.07973320081965,172.26021321577974,235.0501406049829,200.01029626032056,227.16208758041435,235.71972861144732,247.80064236440737,180.7294740527967,185.65991040898174
Jordan,0.0,0.0,0.0,0.0,0.0,0.0,7.19571057491926,45.14518802057159,62.80499442523609,37.00798223297168,24.29618719668854,15.494824971182432,35.47407035328859,48.56846814080633,31.78088959506932,37.38011892859022,45.702977111377805,33.99413034095814,25.27092520222801,25.30242450021268,68.00383719336713,76.59663364907904,98.72587608060365,74.15874249836938,92.39166745521558,98.24154520418544,81.17108888158441,90.16653151962757,92.84289716268108,85.04871781886666,85.35798796037683,82.92585444115282,90.35241996247476,81.3354140948944,88.850318350512
Japan,168561.7878721021,161252.1214653041,139124.98221192294,132509.01136855583,109234.5696229507,120119.14800441424,114632.1188421967,94590.41205494157,125930.64322648369,124305.14060309582,116188.9839164797,125674.84869206048,104317.63216839846,119175.99213010393,80362.88029196928,96377.52076126394,93649.52251178247,103542.12242374569,104369.36833631196,98562.7608569435,100743.00407565231,96195.44081231761,95900.96780109894,120058.20110285509,116798.48709877457,91055.12185668164,104948.67860138282,91874.93285161901,97580.14807111585,90434.87825833572,98216.82539454562,112951.76036000319,110039.3479671869,116173.8898969449,120942.11814434029
Kenya,-4030.887638882432,-2344.3204880226162,-1537.6820877364567,-853.3152924594783,-774.7665073440564,-465.2189006750242,-1744.5318077462641,-2109.1902801583797,-1226.462293896378,-1274.2397577648303,-1276.8419075802417,-983.0737396336896,-1206.9566301485145,-1457.3510548523204,-1696.2941598144641,-1828.3953102123523,-2353.023645579541,-2688.5368176384964,-5795.676595744685,-23117.239738407436,5745.28056860688,-34412.639366147996,-5175.216686461738,-4555.84169518224,-25401.14634146339,-47959.174825174836,-50827.49735756392,-30957.195507171924,18002.751322751305,6225.803784297785,31427.719774011246,24528.327136814954,-48243.70691684311,23344.365319602668,4789.727771928803
Cambodia,0.0,0.0,0.0,0.0,0.0,0.0,0.0,0.0,0.0,0.0,0.0,0.0,0.0,0.0,0.0,0.0,0.0,0.0,0.0,0.0,0.0,0.0,51.005294793003294,73.41994595194907,48.17547545333922,81.00025846471955,85.55705705705711,78.69512085542274,78.51505347883794,69.64523017678977,48.50723798494499,84.45740325944232,2146.224347826088,-5797.698841698844,-7613.831124666415
Kiribati,0.0,0.0,0.0,0.0,0.0,0.0,0.0,0.0,0.0,0.0,0.0,0.0,0.0,0.0,0.0,0.0,0.0,0.0,0.0,0.0,0.0,0.0,0.0,0.0,0.0,0.0,0.0,0.0,0.0,0.0,0.0,0.0,0.0,0.0,0.0
St. Kitts and Nevis,0.0,0.0,0.0,0.0,0.0,0.0,0.0,0.0,0.0,0.0,0.0,0.0,0.0,0.0,0.0,0.0,0.0,0.0,0.0,0.0,0.0,0.0,0.0,0.0,0.0,0.0,0.0,0.0,0.0,0.0,0.0,0.0,0.0,0.0,0.0
"Korea, Rep.",4531.96618517274,6608.184314441952,4694.752353150913,6112.264225799099,5330.149637002882,8139.379311046122,7657.047217084521,8988.033574765366,6187.553356948346,7801.918192518984,9488.763098388757,5118.611048851792,4756.776780970996,6501.5438750486255,3415.1840553275024,3972.5173982866527,3450.642709833508,4215.856117227094,5882.595047403969,5508.550931087602,5450.380661892854,5545.923862896955,4084.651027644868,6138.25124520429,5686.028227816769,4463.707729912292,4205.262956952098,4578.099686656665,3903.654627359661,3690.3654653856634,4998.458214889203,6409.462255695526,5402.892740858741,5803.3469607895695,3617.3936369335993
Kuwait,0.0,0.0,0.0,0.0,0.0,0.0,0.0,0.0,0.0,0.0,0.0,0.0,0.0,0.0,0.0,0.0,0.0,0.0,0.0,0.0,0.0,0.0,0.0,0.0,0.0,0.0,0.0,0.0,0.0,0.0,0.0,0.0,0.0,0.0,0.0
Lao PDR,0.0,0.0,0.0,0.0,0.0,0.0,0.0,0.0,0.0,0.0,0.0,0.0,0.0,0.0,0.0,0.0,0.0,0.0,0.0,0.0,0.0,0.0,0.0,0.0,0.0,0.0,0.0,0.0,0.0,0.0,0.0,0.0,0.0,0.0,0.0
Lebanon,4744.020126361535,3831.1294203426864,2266.533333333332,1560.331282242526,1364.0574807269686,1573.7893836742744,1372.139135280732,1316.6858012718212,1734.4528597545047,2727.8402903811248,8348.166969146998,2303.711250574009,2429.910357562531,1703.066412795125,1862.6478374942792,1432.520334377102,1527.1198469551177,1635.4000701689245,1635.617336629462,609.0360982878764,804.2915321436509,576.3102082403828,1193.526914202021,2861.965151780515,1825.92034812757,1682.1154617164636,1193.3759974071097,971.5079486954314,623.8710088349245,1072.3852025447552,1481.6342512767262,1409.5291882733297,2043.1181588689178,2403.5171758397155,302.6456959997753
Liberia,0.0,0.0,0.0,0.0,0.0,0.0,0.0,0.0,0.0,0.0,0.0,0.0,0.0,0.0,0.0,0.0,0.0,0.0,0.0,0.0,0.0,0.0,0.0,0.0,0.0,0.0,0.0,0.0,0.0,0.0,0.0,0.0,0.0,0.0,0.0
Libya,0.0,0.0,0.0,0.0,0.0,0.0,0.0,0.0,0.0,0.0,0.0,0.0,0.0,0.0,0.0,0.0,0.0,0.0,0.0,0.0,0.0,0.0,0.0,0.0,0.0,0.0,0.0,0.0,0.0,0.0,0.0,0.0,0.0,0.0,0.0
St. Lucia,0.0,0.0,0.0,0.0,0.0,0.0,0.0,0.0,0.0,0.0,0.0,0.0,0.0,0.0,0.0,0.0,0.0,0.0,0.0,0.0,0.0,0.0,0.0,0.0,0.0,0.0,0.0,0.0,0.0,0.0,0.0,0.0,0.0,0.0,0.0
Sri Lanka,-972.0011563664395,-1272.5564030509834,-2057.1730805687203,-9119.893750000003,-752.3840985961172,-421.3813858333088,-346.3860995497518,-1767.8036282681094,-642.4369071285778,-336.5933573676171,-316.6887658584843,-787.4670652203813,-2140.9864282753274,-925.1140850233021,-973.123843259277,-846.3856216927072,-3528.12185478895,-5664.121168969873,-4600.571198712791,-5714.21521335807,33867.27592096234,34046.51287402655,11183.787901772359,21529.776869816436,11383.204284896969,11949.768190393143,138084.03020900447,15407.872585163062,19186.39337308087,16348.332694138795,-88004.40706638056,20403.376742325665,8047.228138040749,-35100.19743868277,20351.607987589196
Luxembourg,459.5680718974626,566.5264423076922,532.9312310030398,554.7895051860384,556.0084354198133,559.4574687486847,626.2886597938145,723.0053674944536,713.6766858043454,534.9101823231643,466.07387998830376,551.1807524404444,456.51396037509704,425.04910320493974,582.8847736625513,520.9983336071537,278.2685240963855,316.79663461538433,279.55717118308013,166.15443306252206,335.09637488947817,155.28496058095456,87.76333628057765,70.1148099736414,90.08325323574613,80.78520156132848,95.82322384034943,103.24440122923725,121.48480634457313,92.27411385606875,94.46234193482061,55.68651504844385,88.73962621663624,113.98754214722602,102.75506540860387
"Macao SAR, China",0.0,0.0,0.0,0.0,0.0,0.0,0.0,0.0,0.0,0.0,0.0,0.0,0.0,0.0,0.0,0.0,0.0,0.0,0.0,0.0,0.0,0.0,0.0,0.0,0.0,0.0,0.0,0.0,0.0,0.0,0.0,0.0,0.0,0.0,0.0
Morocco,6276.020384746261,3036.9029926595144,1393.027298882056,1114.9125639454135,819.5899938873656,1014.87005480153,1512.714262832181,2269.0498467836674,2395.901683781731,3045.745505527825,3220.9778638698094,3455.665119709472,2451.708339938044,1121.9954780053347,2076.054282795856,1531.0974456641218,5481.343524631288,5572.4483016850645,4664.114542240661,1840.117692533989,1621.2193607900715,2028.1053233236141,2026.8309239494326,3515.20670133172,4222.475712849198,2240.352571921835,2240.1411259027686,2078.3770446895583,2084.985590558223,6254.849581099397,8968.535123388336,4384.488530272289,3375.4946475003276,5118.507949051298,3123.536329796695
Madagascar,0.0,0.0,0.0,0.0,0.0,0.0,0.0,0.0,0.0,0.0,0.0,0.0,0.0,0.0,0.0,0.0,0.0,0.0,0.0,0.0,0.0,0.0,0.0,0.0,0.0,0.0,0.0,0.0,0.0,0.0,0.0,0.0,0.0,0.0,0.0
Maldives,0.0,0.0,0.0,0.0,0.0,0.0,0.0,0.0,0.0,0.0,0.0,0.0,0.0,0.0,0.0,0.0,0.0,0.0,0.0,0.0,0.0,0.0,0.0,0.0,0.0,0.0,0.0,0.0,0.0,0.0,0.0,0.0,0.0,0.0,0.0
Mexico,83517.24945331017,167819.1552202026,124617.81014684468,87938.15078605623,107295.94717281684,123948.58230682522,75502.53218819771,60117.10676896129,69433.8432016599,93718.37318899142,79621.66405378764,66232.72380437228,84164.88802488777,85585.98945315377,55726.41676406542,78883.9200560897,95972.52543569029,74679.49050970619,66207.99081983844,92688.99157018027,88637.4673683896,71756.05489891113,58282.70481718009,42764.24960004638,55090.69627852709,61057.899379947754,65656.28515309985,55384.91550753927,86272.70080099598,53790.06784556652,75463.28301696299,68130.5885079761,59797.521998544325,50808.74838596671,73587.99058718549
Mali,0.0,0.0,0.0,0.0,0.0,0.0,0.0,0.0,0.0,0.0,0.0,0.0,0.0,0.0,0.0,0.0,0.0,0.0,0.0,0.0,0.0,0.0,0.0,0.0,0.0,0.0,0.0,0.0,0.0,0.0,0.0,0.0,0.0,0.0,0.0
Malta,0.0,0.0,0.0,0.0,0.0,0.0,0.0,0.0,0.0,0.0,0.0,0.0,0.0,0.0,0.0,0.0,0.0,0.0,0.0,0.0,0.0,0.0,0.0,0.0,0.0,0.0,0.0,0.0,0.0,0.0,0.0,0.0,0.0,0.0,0.0
Myanmar,-15368.788503803837,-6135.453646553042,-7808.936423841061,-8812.283539301907,-26817.048938287993,38042.71231988139,29011.016132669116,16697.864614581955,9349.877270818019,340368.55775803054,45085.729178249545,22120.189261905045,-155112.1349633259,-297727.4666666637,22230.1049781922,10378.136926889714,14117.483906862639,9573.80486952469,2556.786573556539,2674.7234036768205,8540.614350152515,8865.678921694485,15184.268832662436,9806.994228490616,23258.13411349309,923763.1937730993,-55143.450001257086,-33427.84089836175,-19739.38209102901,-9183.36092218724,-16495.87636988414,-13249.192690058482,-9456.157211538459,-10390.48900288614,-26494.196815808984
Mongolia,0.0,0.0,0.0,0.0,0.0,0.0,0.0,0.0,0.0,0.0,0.0,0.0,0.0,0.0,0.0,0.0,0.0,0.0,0.0,0.0,0.0,0.0,0.0,0.0,0.0,0.0,0.0,0.0,0.0,0.0,0.0,0.0,0.0,0.0,0.0
Mozambique,-3301.22393162393,627.8090506804705,-4316.301337529508,-4830.964904862568,-2606.207709750569,-1319.0500000000004,-2953.4225245653797,-4709.591836734695,21793.556756756658,-2024.9589041095915,-519.1442495126705,-545.4700952380954,-232.40740740740736,-117.45101351351352,-64.73690340830304,-62.937540372670824,-60.969042132266644,-57.909641728134886,-39.22386449946834,-41.45117292567499,-102.66498246410819,-121.99177105000621,-92.95022216676718,-69.52581302779657,-91.29483259152454,-48.34143641048902,-48.95541796133753,-22.9830675079463,-46.52206629209476,-45.82700275735712,-46.018910089895954,-320.3953805667845,-143.09918414894884,-586.2627239223373,-3713.1646192619874
Mauritania,0.0,0.0,0.0,0.0,0.0,0.0,0.0,0.0,0.0,0.0,0.0,0.0,0.0,0.0,0.0,0.0,0.0,0.0,0.0,0.0,0.0,0.0,0.0,0.0,0.0,0.0,0.0,0.0,0.0,0.0,0.0,0.0,0.0,0.0,0.0
Mauritius,154.55119279680684,88.04217725847818,162.80495956873315,47.79641631719406,105.33599999999998,329.10342036025105,242.90675318433068,342.0385280610722,162.66666666666666,357.7646064947791,154.65291124929342,125.92585531914892,203.53813705234168,170.34306270523575,109.47019867549669,224.01562499999997,165.098777046096,132.38252267106353,161.03015413609748,44.271952309985096,155.51183970856096,114.01070078434144,137.94047295812163,196.376732000394,198.4310969204141,196.90975990682153,142.70947176684882,158.3836400691938,203.4440711683842,229.2404779630173,192.05669701024564,101.318765236291,134.2893478949515,175.86327363659768,171.58093287526424
Malawi,0.0,0.0,0.0,0.0,0.0,0.0,0.0,0.0,0.0,0.0,0.0,0.0,0.0,0.0,0.0,0.0,0.0,0.0,0.0,0.0,0.0,0.0,0.0,0.0,0.0,0.0,0.0,0.0,0.0,0.0,0.0,0.0,0.0,0.0,0.0
Malaysia,3687.4452575243167,3997.1488911313822,3585.7983586150604,4958.436527396005,12310.346496275211,14031.675650479514,15093.865458859435,18657.431984936422,21938.86341230173,16856.518504355223,11491.086497630078,15053.191900248077,13230.779029437123,15739.7676685876,20280.42098743869,19920.419759752185,13339.946011569698,8330.746867865997,9985.25954493808,14811.73823951067,14503.658121651124,15302.504765029817,10167.216289003967,10770.069864880139,12552.94581445324,12123.225530624135,13818.870545534837,13755.115353991108,18775.779800666474,14675.894405989247,14184.410610613144,17004.648267589124,19219.797435516426,23257.931453758792,29109.340819275487
New Caledonia,0.0,0.0,0.0,0.0,0.0,0.0,0.0,0.0,0.0,0.0,0.0,0.0,0.0,0.0,0.0,0.0,0.0,0.0,0.0,0.0,0.0,0.0,0.0,0.0,0.0,0.0,0.0,0.0,0.0,0.0,0.0,0.0,0.0,0.0,0.0
Niger,0.0,0.0,0.0,0.0,0.0,0.0,0.0,0.0,0.0,0.0,0.0,0.0,0.0,0.0,0.0,0.0,0.0,0.0,0.0,0.0,0.0,0.0,0.0,0.0,0.0,0.0,0.0,0.0,0.0,0.0,0.0,0.0,0.0,0.0,0.0
Nigeria,47142.69911076498,23364.561615746527,21030.430748338713,12206.026368601248,25326.807088053145,29756.866849663227,43517.12640143189,24359.388022949144,42648.55793826605,21100.087653326424,21563.806603982226,64065.72022276678,60067.386499965345,48258.67683580271,30626.23049573107,26900.359497370937,26512.922135282643,28061.335806721592,37118.586882346,41466.93457969046,77273.18325145882,79120.52689752252,89085.63066079667,69853.69921334108,59837.75018926201,61698.4539769218,38566.5762554234,40285.44273510664,37225.587535284416,22679.22842005454,29752.595198622465,26714.730718619907,23942.10647137526,21113.611841263668,20414.226698141945
Nicaragua,-24026.01201056925,14579.190476190526,3541.8660287081307,743.2941176470591,439.9289635908304,518.5714285714287,615.1388727753671,1141.0340802987866,1056.1954668972337,1039.494014518232,977.2608695652177,534.8218408242417,397.27350943396226,1023.8622706429155,698.0535564853558,822.4549257341431,831.7085419118085,791.8319065175278,532.8951470671904,828.5342567654227,342.0930579571488,320.78031711095844,501.10671254223064,487.2911392405062,507.62640564826705,666.8747301417857,435.4763289223253,445.70028342828056,825.8120106123549,405.36337351944246,721.3285341098583,627.3686520490833,468.0362163564627,452.4354369836368,361.195431233408
Netherlands,0.0,0.0,0.0,0.0,0.0,4.663786331595115,4.5683094036730765,1.584254244609592,3.315953748538211,66.4221313027456,153.29637673255888,179.57012666471817,205.72869991068146,159.67835404599856,174.5744457735793,155.98184755949816,134.43547832918972,156.08685895361018,186.60867459897898,146.7962700496968,228.36710451568928,186.0814757672596,177.3162174387594,115.24634774037024,149.28696171610872,136.34402583422653,156.70820008569643,155.3497372605251,142.30895229459063,126.87423701343246,134.72552955316365,74.59696822443273,142.61258195832357,161.81293074492643,166.49906546846015
Norway,-9238.170171843181,-10373.643964478688,-11748.714228083776,-12640.178161358574,-12863.532304021188,-13983.438321808835,-21431.189218600906,-15672.230117136145,-18248.995939187276,-22295.37531455408,-16841.044926073708,-17297.64849909711,-22920.091226106844,-26318.341242295486,-25581.925742792166,-22816.81874157613,-20685.14414233215,-26015.792116178727,-28137.302607836005,-31484.306496595105,-24843.891530787576,-27345.859719153952,-25252.91083681083,-30264.919595097355,-28539.4946116744,-29201.287529791403,-30739.224205251816,-31769.399350744294,-39163.46155981964,-44018.97875173038,-46808.30209007528,-35171.314813036566,-37758.3121088838,-42236.842994044695,-36263.65213371701
Nepal,-22.39031339031339,-21.52204447912603,-17.649181965779935,-13.676898599091933,-18.011385707588243,-49.657975986277854,-19.0623276337562,-23.506086956521745,-55.86246246246245,0.0,0.0,-52.8526569063252,-98.94639376218329,-121.4116192830655,-160.66257570463543,-71.66276737967915,-84.36562693064754,-265.26964846671655,-205.8294017247574,-112.27478345989562,-40.26616822429908,-19.696220155367353,0.0,0.0,-19.88618007128468,-20.213181177040585,-20.60192505510654,-20.329309255936906,-23.833470034995642,-25.377490144186975,0.0,0.0,-23.69280910276686,-27.390860596560724,-298.5392659579071
Nauru,0.0,0.0,0.0,0.0,0.0,0.0,0.0,0.0,0.0,0.0,0.0,0.0,0.0,0.0,0.0,0.0,0.0,0.0,0.0,0.0,0.0,0.0,0.0,0.0,0.0,0.0,0.0,0.0,0.0,0.0,0.0,0.0,0.0,0.0,0.0
New Zealand,-5627.232414788079,-6265.736914637274,-12995.514873379378,-12427.494990803627,-13965.808657262565,-18474.983590641838,-13613.581084563764,-16434.311055698403,-15327.933992916418,-18187.254771984724,-16096.346342756451,-19732.898070198156,-29147.912672898616,-22498.774653614866,-16104.470921729502,-14259.269658596648,-19946.892577182385,-41834.74512361491,-30381.998136552134,-53835.99321319462,-45688.41724375978,-121246.369483098,-50387.59515524742,-76916.0358468971,-49758.4978366812,-151322.17110830298,-154886.86371796878,-140888.61658592543,-604635.7193620919,-92397.2422678545,-96458.61458344478,-74174.90479821408,-302909.51834171306,-145728.0238663396,-78177.16579267474
Oman,0.0,0.0,0.0,0.0,0.0,0.0,0.0,0.0,0.0,0.0,0.0,0.0,0.0,0.0,0.0,0.0,0.0,0.0,0.0,0.0,0.0,0.0,0.0,0.0,0.0,0.0,0.0,0.0,0.0,0.0,0.0,0.0,0.0,0.0,0.0
Pakistan,-42155.94988931681,-60752.352124844576,-101997.86814798263,-64610.11493320904,-59659.940696244266,-168205.15871140882,-145294.3975140809,-229869.5579396374,-1752279.1281548396,885092.1085142549,173688.26679803996,172947.59824960612,148573.55941643612,82308.73762330542,158953.16341139184,124948.59599080594,74370.58259754781,78869.21318084962,68788.58128808618,48604.20240050684,38952.09478258453,43318.66718301387,58341.610428997184,73525.74514543904,61594.71473357711,84701.53330822935,91533.65626351321,75031.2076016386,80250.05565534341,76397.9424376013,106014.18663144509,74141.42936303193,83658.05665696085,86488.21949749265,82941.50984074685
Panama,-20697.84192439866,-3760.8951475099348,-48972.94864864862,5809.611282749464,-4077.971686777495,-2060.522042162178,-1856.427971679411,-2847.5500500158882,-1699.8983802821706,-1537.1469446810813,-1491.2673512747879,-2792.2112710595375,-6210.394376818881,-3708.718924775264,-4259.477970644948,-3375.565761260033,-3297.4797184980353,-5552.872212375439,-106981.65459841858,-5338.007354161612,-5326.70844232856,104643.43725156148,-8249.2114762406,-191832.62192307497,-7152.572035097355,-7518.1691991285015,-11848.828745976472,-16742.126359832648,-10453.089767488285,-23130.937377765844,-23617.853731343275,-71978.1347368417,-14387.524537354868,-24128.494805808827,-35028.911143917394
Peru,-18793.18958917307,-15203.815919121349,-15796.834218155811,-12749.86779736742,-15072.195862535214,-11616.022847502203,-13006.37402297178,-14135.646463719322,-14310.486339498362,-13020.51550671187,-12866.230864040122,-10450.8124456415,-13176.448032111395,-12983.56795082051,-11468.738868376842,-12397.402521967579,-14691.769264571438,-18406.43522628135,-16818.432290869743,-15657.050461166835,-14284.615987635521,-11766.717841676395,-13333.043787746483,-13538.01134906036,-24773.50973155681,-32615.192416207963,-28293.7646546813,-46646.25279753655,-78139.67940466614,-98595.17071423178,-192634.94510265285,-195745.2275751087,-290473.04391406,-572610.4778916847,835782.1622239733
Philippines,7880.239186709367,7663.723691012234,7436.279805358953,7229.8102392968485,10292.627658700021,9711.26740597635,11866.176314636177,10378.917587132442,13730.961015605824,14318.389362798078,9980.829307843836,9460.996759980402,8041.948582406969,8877.946264554093,10974.572488319718,11050.781964092937,12366.656698998644,10102.94898586355,7607.869313414142,13327.255995122883,14423.430459179272,11441.765360619776,10767.430465169353,11775.81060209445,12897.803318256805,13561.11271768728,14755.644184030025,12218.73688125221,16785.31563943097,15729.002155928496,11474.816544176121,15366.283041771754,17099.446786286713,17708.21030828065,16418.223826504363
Palau,0.0,0.0,0.0,0.0,0.0,0.0,0.0,0.0,0.0,0.0,0.0,0.0,0.0,0.0,0.0,0.0,0.0,0.0,0.0,0.0,0.0,0.0,0.0,0.0,0.0,0.0,0.0,0.0,0.0,0.0,0.0,0.0,0.0,0.0,0.0
Papua New Guinea,0.0,0.0,0.0,0.0,0.0,0.0,0.0,0.0,0.0,0.0,0.0,0.0,0.0,0.0,0.0,0.0,0.0,0.0,0.0,0.0,0.0,0.0,0.0,0.0,0.0,0.0,0.0,0.0,0.0,0.0,0.0,0.0,0.0,0.0,0.0
Poland,10819.384051525125,9144.459484621857,6579.231174428108,6985.750445737715,5662.116221573529,7518.773420843766,6091.423367408913,6438.058156995368,6659.800695910444,5782.372081639796,5268.754611984131,5111.079838789179,5315.277890831548,4849.238063770991,5365.818597288449,5435.0563649662445,5520.203056463861,5528.621802329303,6376.6161928234405,5789.142462108746,5396.410985852282,6071.623375543323,5790.126847104354,4141.25112010706,5026.509816646827,5162.550194583816,4829.7376839529215,5500.796865092318,5093.983222202749,5404.274189239211,6707.646984324111,5215.667647642355,4294.816077551548,5225.830366139004,4500.6325734078455
Portugal,-143955.7468499769,22756.561991770846,79576.35033732081,80884.26275316493,-525307.6104733954,-65063.905722231524,58987.35513231213,111253.16836890306,-126917.13407909255,15598.987518339964,33601.803448522085,29531.072467533508,10237.68631401781,25619.87939573179,43702.964066961795,24363.463917160665,118839.42435376885,69834.25340309409,47206.48683824179,15040.483954020792,28500.01025640948,40215.06059489385,15222.846229047573,51998.01979571389,20696.774826378034,7665.123380758422,21479.22855408365,18447.74301989438,9805.698093752368,11682.30518931551,26680.880773965455,15524.372922558363,6676.706082585709,23228.942766411503,27699.418094867462
Paraguay,-317.2342811050613,-222.2898967220476,-137.10679259930134,-146.67730398899587,-136.76824736137948,-110.87652901536202,-136.64446247408242,-165.18160952044303,-212.17258879363135,-49.10170199866184,-67.30795893343652,-68.16914955347254,-90.0385679540971,-65.99633820497253,0.0,-250.74342592094823,-43.53554790539635,-43.85256912991627,-44.84743346999276,-44.73873591313396,0.0,0.0,0.0,0.0,0.0,0.0,0.0,0.0,0.0,0.0,0.0,0.0,0.0,0.0,0.0
Pacific island small states,0.0,0.0,0.0,0.0,0.0,0.0,0.0,0.0,0.0,0.0,0.0,0.0,0.0,0.0,0.0,0.0,0.0,0.0,0.0,0.0,0.0,0.0,0.0,0.0,0.0,0.0,0.0,0.0,0.0,0.0,0.0,0.0,0.0,0.0,0.0
French Polynesia,0.0,0.0,0.0,0.0,0.0,0.0,0.0,0.0,0.0,0.0,0.0,0.0,0.0,0.0,0.0,0.0,0.0,0.0,0.0,0.0,0.0,0.0,0.0,0.0,0.0,0.0,0.0,0.0,0.0,0.0,0.0,0.0,0.0,0.0,0.0
Qatar,0.0,0.0,0.0,0.0,0.0,0.0,0.0,0.0,0.0,0.0,0.0,0.0,0.0,0.0,0.0,0.0,0.0,0.0,0.0,0.0,0.0,0.0,0.0,0.0,0.0,0.0,0.0,0.0,0.0,0.0,0.0,0.0,0.0,0.0,0.0
Romania,27103.900403884327,35901.00650796149,32573.43726933519,26889.97044002636,30277.256800100913,40206.685432310354,32526.444931424616,34972.2040402418,53970.33503925011,53043.45238215313,45194.194829983615,72384.73314411378,67330.19812734921,76411.66932531151,66384.58911017956,96372.56748967212,78454.03813123489,102235.19257207548,136585.25050832375,134007.10994146563,68730.48286974222,67434.17111010816,75409.84121515893,52337.91969176617,72009.88533103681,107681.80233435443,77449.53882574211,58354.69609171407,57186.81131259639,49857.53832632169,78513.43430736857,41538.59596212857,28837.181134679697,34269.02382767285,43501.38163626256
Rwanda,0.0,0.0,0.0,0.0,0.0,0.0,0.0,0.0,0.0,0.0,0.0,0.0,0.0,0.0,0.0,0.0,0.0,0.0,0.0,0.0,0.0,0.0,0.0,0.0,0.0,0.0,0.0,0.0,0.0,0.0,0.0,0.0,0.0,0.0,0.0
South Asia,474194.90511923644,448007.6269894201,343003.9540739393,359815.1451144303,334977.94747179176,282186.49754045863,293336.4725880668,231143.77463166037,288379.5229338713,298055.4828014445,351932.6332766,340834.3835066448,324034.9629515823,311249.0773280513,379235.10404968075,311755.70500305225,286616.229885097,297037.99898933293,320799.24008364027,290038.87192042964,255601.72331715218,253842.92226790756,233149.40042090154,284934.8524150771,310631.66948632506,385116.2575354326,426554.34504627174,437567.06192869676,407879.4789166994,382557.72573512804,397250.2828701523,432473.5092115986,393201.2040641228,428460.8559492612,397796.7474446577
Saudi Arabia,0.0,0.0,0.0,0.0,0.0,0.0,0.0,0.0,0.0,0.0,0.0,0.0,0.0,0.0,0.0,0.0,0.0,0.0,0.0,0.0,0.0,0.0,0.0,0.0,0.0,0.0,0.0,0.0,0.0,0.0,0.0,0.0,0.0,0.0,0.0
Sudan,-892.9680273979455,-888.7774978034914,-981.8384318920873,-1058.4412225201067,-1105.5778700614974,-3017.626130653267,-2188.8760430280495,-2348.685775656324,-2723.0508581325785,-1763.098019359644,-2405.023528136184,-3000.155521027025,-2017.9071670428896,-3827.853625117448,-3534.276609023238,-21561.767749419963,-27869.51414634142,60082.85075608215,-16435.941666666735,912070.582842218,17298.806821042046,13415.102990033229,11603.522912179033,6340.715708843482,6011.214484997627,5923.858948593187,5164.621633443729,5124.436856117606,4587.964868152185,642683.4366845208,-4442.96821982395,-7095.169093111332,-7880.62152674609,-6383.760435716266,-7002.697032878909
Senegal,0.0,0.0,0.0,0.0,0.0,0.0,0.0,0.0,0.0,0.0,0.0,0.0,0.0,0.0,0.0,0.0,0.0,0.0,0.0,0.0,0.0,0.0,415.12853692201526,836.0761689049383,650.2008182198884,648.3814175873879,470.48994199679134,284.0177676705076,344.17994308926995,361.6670688387086,589.2133122389932,563.4119999502234,603.5565633660871,657.7471601584606,688.4047147806647
Singapore,0.0,0.0,0.0,0.0,0.0,0.0,0.0,0.0,0.0,0.0,0.0,0.0,0.0,0.0,0.0,0.0,0.0,0.0,0.0,0.0,0.0,0.0,0.0,0.0,0.0,0.0,0.0,0.0,0.0,0.0,0.0,0.0,0.0,0.0,0.0
Solomon Islands,0.0,0.0,0.0,0.0,0.0,0.0,0.0,0.0,0.0,0.0,0.0,0.0,0.0,0.0,0.0,0.0,0.0,0.0,0.0,0.0,0.0,0.0,0.0,0.0,0.0,0.0,0.0,0.0,0.0,0.0,0.0,0.0,0.0,0.0,0.0
Sierra Leone,0.0,0.0,0.0,0.0,0.0,0.0,0.0,0.0,0.0,0.0,0.0,0.0,0.0,0.0,0.0,0.0,0.0,0.0,0.0,0.0,0.0,0.0,0.0,0.0,0.0,0.0,0.0,0.0,0.0,0.0,0.0,0.0,0.0,0.0,0.0
El Salvador,-642.5464120370372,600.7053376205787,290.0237588836438,-4040.1498881431903,-1925.1890916808127,-847.6906542414481,-573.798052160884,-2814.194880000001,-1531.9376377614099,-881.8507890961263,-618.5596989334297,-8138.46732021208,-4215.778927444797,-10647.380281690153,15551.553005581574,11959.869565217392,-10251.19520281821,6133.68512083399,7824.582155980703,28357.930077519442,2948.0038948393394,2210.1151719835657,2007.6905639807364,3355.0752983764514,2520.4334852928823,3527.6469527272707,4332.041594454073,2841.1980877532474,3835.0479130368944,1876.9670376889196,3488.5121107528325,3173.2036707379993,2427.367960775655,2356.8340295983962,2174.3431602996425
Somalia,0.0,0.0,0.0,0.0,0.0,0.0,0.0,0.0,0.0,0.0,0.0,0.0,0.0,0.0,0.0,0.0,0.0,0.0,0.0,0.0,0.0,0.0,0.0,0.0,0.0,0.0,0.0,0.0,0.0,0.0,0.0,0.0,0.0,0.0,0.0
Sub-Saharan Africa,111849.4070983246,113077.57553714054,118601.47682926645,104842.8673609959,99144.04029511883,112599.29823807388,119080.14632373572,104571.91089647857,122258.89810051837,119814.9988244551,109159.23548986753,130624.3872700302,117782.37209404462,119559.89243441315,118489.01369987954,127477.89471637827,123121.78140424483,124726.99619282396,134689.7196198344,144767.30335675564,166742.32603497125,197031.7554215825,195556.2617528362,188623.87170555015,212447.80064861785,206100.16746900158,220555.92388513766,215888.02350557255,242591.69907771595,241361.21582158076,281543.9102067853,279910.64075031737,279099.45502718154,286385.6820136081,331034.0005066913
Sao Tome and Principe,0.0,0.0,0.0,0.0,0.0,0.0,0.0,0.0,0.0,0.0,0.0,0.0,0.0,0.0,0.0,0.0,0.0,0.0,0.0,0.0,0.0,0.0,0.0,0.0,0.0,0.0,0.0,0.0,0.0,0.0,0.0,0.0,0.0,0.0,0.0
Suriname,0.0,0.0,0.0,0.0,0.0,0.0,0.0,0.0,0.0,0.0,0.0,0.0,0.0,0.0,0.0,0.0,0.0,0.0,0.0,0.0,-934.9545205479451,-1202.5706551967078,-1096.3196782641228,-1486.5174708818638,-2269.9022511054527,-13203.252032520311,-2350.2926640926657,-1608.334761380961,-1564.7610752782539,-1738.0598440427975,-2700.922075726842,-4891.633734939759,-4025.456053067992,-5341.671688226629,-4195.304160206234
Sweden,-57256.343585865994,-59234.60219928986,-87397.59323242438,-58907.634919179975,-113989.24022659796,-379618.7431235725,105391.63404741668,852137.8880652274,271209.46601697546,-2558698.2049776893,1445405.2539370067,71511.24032318706,-581726.4778772639,-408641.19630602363,57344.09766885836,127733.65627103753,40359.66908498667,137779.78686839313,203351.29357460726,132806.45256468197,-121651.148460145,476629.54802140634,120137.49223715594,49613.1569471562,49348.57516296771,133888.75606453684,75237.7215118501,84475.76948477617,136171.39091550696,294852.61968026496,123575.42350758202,96184.66005212207,212312.4951252359,44649.323619086645,51569.32493481935
Swaziland,0.0,0.0,0.0,0.0,0.0,0.0,0.0,0.0,0.0,0.0,0.0,0.0,0.0,0.0,0.0,0.0,0.0,0.0,0.0,0.0,0.0,0.0,0.0,0.0,0.0,0.0,0.0,0.0,0.0,0.0,0.0,0.0,0.0,0.0,0.0
Seychelles,0.0,0.0,0.0,0.0,0.0,0.0,0.0,0.0,0.0,0.0,0.0,0.0,0.0,0.0,0.0,0.0,0.0,0.0,0.0,0.0,0.0,0.0,0.0,0.0,0.0,0.0,0.0,0.0,0.0,0.0,0.0,0.0,0.0,0.0,0.0
Syrian Arab Republic,-19127.620808838332,-59166.37083960095,312377.2530343589,28836.041407867502,97725.6413270638,43717.62343068711,19936.4833307365,20997.848598477474,13261.27508294077,11040.989276630318,9672.095032144734,9038.110565228551,9265.213040078286,9780.08617649815,8407.988875880079,6657.1314245191015,6092.806312107491,5834.66332698342,6749.367099397361,7057.84012823646,7735.6331593030645,7344.797670857964,3913.8669488674823,6332.360422819779,8581.422446711604,7246.97876215827,6291.8059926362175,6484.094892832513,5034.786790020745,3064.4162242966418,4049.5235888063125,5427.607666706914,5737.038698852832,5580.7562044710985,5209.157585346558
Chad,0.0,0.0,0.0,0.0,0.0,0.0,0.0,0.0,0.0,0.0,0.0,0.0,0.0,0.0,0.0,0.0,0.0,0.0,0.0,0.0,0.0,0.0,0.0,0.0,0.0,0.0,0.0,0.0,0.0,0.0,0.0,0.0,0.0,0.0,0.0
Togo,-58.99243243243243,-115.10144927536238,-107.96124031007759,162.72941176470593,226.5098039215686,-271.86991869918705,-149.2555555555556,-218.44652908067545,-286.11764705882354,-200.9361163820367,-553.9278017241381,-607.5392083644513,-259.9647737625267,-651.5321637426902,-937.0432376340368,-250.14410705095224,-150.7416841474379,-396.96103896103864,-1573.3975903614462,2902.899082568807,-1145.263157894737,1051.163076923077,-623.2470588235299,-192.645439827307,732.4077669902898,352.1768292682925,640.2247191011234,1940.614232209732,-94.39322033898306,-157.96181630546963,-2360.769230769236,-65.80599647266315,-81.53823475216508,-92.2488085054381,-74.63692453725677
Thailand,2991.209950827576,7822.771797032843,9861.556330455287,8433.966736957076,8954.063849553411,7964.343661125743,13653.589142677083,7945.412818261635,7175.0628247021705,11264.37592414422,10038.485434968106,9201.606807185892,7894.1511713255295,6542.8762671724235,7913.697300842631,12264.849069655871,13571.05189314977,13738.908742978005,9131.721840941751,6152.508711591968,10987.482319711544,11533.092046896922,13611.924443973658,13161.48203914914,10660.675666558966,10060.91501610387,14318.532433668148,14777.528365849183,12438.792243951668,12203.168051193588,9231.123860640295,14336.312548847733,15450.575347780663,10070.02834004778,10044.14916782895
Tonga,0.0,0.0,0.0,0.0,0.0,0.0,0.0,0.0,0.0,0.0,0.0,0.0,0.0,0.0,0.0,0.0,0.0,0.0,0.0,0.0,0.0,0.0,0.0,0.0,0.0,0.0,0.0,0.0,0.0,0.0,0.0,0.0,0.0,0.0,0.0
Trinidad and Tobago,0.0,0.0,0.0,0.0,0.0,0.0,0.0,0.0,0.0,0.0,0.0,0.0,0.0,0.0,0.0,0.0,0.0,0.0,0.0,0.0,0.0,0.0,0.0,0.0,0.0,0.0,0.0,0.0,0.0,0.0,0.0,0.0,0.0,0.0,0.0
Tunisia,54.41261010662958,64.53635571054927,80.58119603758885,66.68837675350701,138.87391970753194,220.77669447057264,99.1429433184978,220.52833390037955,88.41419366074537,60.86136646090325,70.03203489196885,205.48653901891922,112.36644105147175,111.52819100112461,63.17028679328853,54.508700468997056,97.54652826725648,62.08803801286819,103.7861659081435,123.57818776324322,87.32607838577168,74.09613075677592,85.05777431769432,201.57347933741363,182.96447679828466,168.0761869270533,108.37047966658905,59.30660873030082,35.91682093170825,93.57281678449692,61.6004944707681,64.14810425136005,128.82147364924745,71.03290657558428,66.21679923631224
Turkey,687958.4440785637,-904627.2413236422,-337489.5845435536,112008.79049017954,184900.35076272284,77986.0289261917,59892.757437930435,198638.07640298465,-183289.13403302192,96022.00631184386,184562.530681991,143003.838125488,189586.63041800508,586269.5518122884,203414.39642708952,274127.8468636331,374155.04242866725,238845.41067886597,243343.7262086533,117676.13286588616,78679.99206274399,52483.273778932424,82861.4795207758,78611.39249298985,126249.77314407738,85156.53528475306,99323.89475894086,68265.72209665876,61889.454527458285,71060.64149662374,122199.92178947755,116539.23501114754,128632.46374838766,135873.7679300045,76939.51733833324
Tanzania,-720.724832214765,-839.3644596102108,-1009.8775641025645,-1065.179487774593,-1120.5529482955696,-1059.7198584777282,-937.5531453362253,-971.1879964695497,-901.680958697754,-824.7603837471783,-829.2882479938085,-898.0210384557836,-913.8403129314313,-1229.600312604667,-1464.498075023312,-2283.5468042012067,-1307.4605564969663,-1557.023454522151,-244.65339276288785,-449.07229830841527,-796.0151765051845,-359.64450640411275,-284.53616060042987,-265.9828296763211,-7017.218351312269,-5270935.572275352,8866.323129251694,-9141.949572649575,-8276.588476140849,-13640.528211284514,-71916.19040579107,7136.485371384331,4116.0510287339885,4244.4649650240035,13451.904852507274
Uganda,0.0,0.0,0.0,0.0,0.0,0.0,0.0,0.0,0.0,0.0,0.0,0.0,0.0,0.0,0.0,0.0,0.0,0.0,0.0,0.0,0.0,0.0,0.0,0.0,0.0,0.0,0.0,0.0,0.0,0.0,0.0,0.0,0.0,0.0,0.0
Uruguay,-3935.0376374315833,-2904.733715374592,-3003.295198172855,-741.0916055021105,-590.3401826361882,-605.8639788920212,-458.7473677665396,-938.3176077805197,-4098.980299676271,-6293.8189798679505,-1229.86235675895,-2330.1415165187855,-2850.5790092890134,-1463.2845308670123,-274.5487218061323,-1269.0132742188016,-2338.44657403201,-1644.9449556945945,-1336.011411706837,-4919.84284682081,-1602.2886935981319,-699.2325439684987,-583.1728562427202,-636.303852490623,-3553.777866931311,-3058.7933425797505,-10105.799658280008,-3238.5348302993857,-131477.85948990716,-19967.31425880133,-3517.1984711076834,-12205.631760157845,-152389.36556060018,-6784.005713524312,-3203.9353583722173
United States,550454.6942234249,497356.052322689,616159.4817659999,674722.1325305926,620349.9667514288,515919.71410298446,534833.0399788416,416182.54779168183,350613.1744311802,421135.68189885106,446072.24651473406,474574.63999630837,425677.34221204265,475651.75279017416,429914.23826844565,525668.5021231514,598363.890568492,582381.7582652427,490986.8654204874,448456.3602092665,394148.68830710626,294884.0630138919,416191.98108063143,436358.99472989334,417225.4585413463,414610.3074637247,437919.60269854194,370681.24079598306,371346.3603827264,390193.7740895694,360596.444153907,445684.45239217905,360517.2237634499,347954.18502987694,332879.45444430603
St. Vincent and the Grenadines,0.0,0.0,0.0,0.0,0.0,0.0,0.0,0.0,0.0,0.0,0.0,0.0,0.0,0.0,0.0,0.0,0.0,0.0,0.0,0.0,0.0,0.0,0.0,0.0,0.0,0.0,0.0,0.0,0.0,0.0,0.0,0.0,0.0,0.0,0.0
"Venezuela, RB",161812.30595636784,133117.5185742432,154541.14417170113,196526.822523226,334497.5475230328,879229.523678178,-10620184.993335433,-320114.4334828532,-287445.2307900988,-257881.62422228997,-240373.29177114746,-142455.19431968886,-143363.09823371161,-172149.5914621376,-159668.44219477664,-171994.36820943467,-155654.5149603564,-175604.58177319355,-232761.1669262183,-197673.15485645365,-196535.8600307189,-282027.0402938772,-337221.95728891203,-319565.38906774815,-192240.24102626368,-193217.03129367836,-215860.47768623155,-226777.9792381845,-237590.66785070082,-247195.90778116242,-256397.15274496147,-206898.81954431866,-268513.191311185,-257377.30794298585,-246074.1924777704
British Virgin Islands,0.0,0.0,0.0,0.0,0.0,0.0,0.0,0.0,0.0,0.0,0.0,0.0,0.0,0.0,0.0,0.0,0.0,0.0,0.0,0.0,0.0,0.0,0.0,0.0,0.0,0.0,0.0,0.0,0.0,0.0,0.0,0.0,0.0,0.0,0.0
Vietnam,21378.53813300792,20104.7410340314,17613.78130814367,8367.659149940968,10552.33029448416,8988.69976359338,7344.360219213145,6726.86198708939,10035.10173865111,396919.98364652967,-31377.256422119208,-16821.836909937298,-11236.422202137013,-9161.523239264116,-12431.719245256803,-15454.835637315911,-21456.810709875514,-56102.63754856165,-547385.447793504,-78763.55991716242,-159639.59437117257,-97134.0614960503,-1170500.8349973783,265389.72526014334,85274.47704752954,51658.193400144184,69819.62518928328,74295.53037409074,85573.24983016092,96318.7202696024,65018.23068010383,179651.45544030017,415765.67993971956,247359.22433576817,286247.82415882667
Vanuatu,0.0,0.0,0.0,0.0,0.0,0.0,0.0,0.0,0.0,0.0,0.0,0.0,0.0,0.0,0.0,0.0,0.0,0.0,0.0,0.0,0.0,0.0,0.0,0.0,0.0,0.0,0.0,0.0,0.0,0.0,0.0,0.0,0.0,0.0,0.0
Samoa,0.0,0.0,0.0,0.0,0.0,0.0,0.0,0.0,0.0,0.0,0.0,0.0,0.0,0.0,0.0,0.0,0.0,0.0,0.0,0.0,0.0,0.0,0.0,0.0,0.0,0.0,0.0,0.0,0.0,0.0,0.0,0.0,0.0,0.0,0.0
"Yemen, Rep.",0.0,0.0,0.0,0.0,0.0,0.0,0.0,0.0,0.0,0.0,0.0,0.0,0.0,0.0,0.0,0.0,0.0,0.0,0.0,0.0,0.0,0.0,0.0,0.0,0.0,0.0,0.0,0.0,0.0,0.0,0.0,0.0,0.0,0.0,0.0
South Africa,2226.7859018983872,3804.847926283282,2588.606584166553,1624.6239675653376,1497.1512670572317,1645.3890462729603,4339.912852574715,4277.428222582545,8255.883328736472,7064.0634010652975,2317.0523220372506,4843.118388216249,1722.6902884078709,351.38736151997324,2661.961761764854,1356.7137310971295,3213.9526528119245,5234.728499276437,4016.135600202779,1841.2192649858425,2774.5501978008597,5195.477391726526,5608.326623476914,1740.4607974660694,2490.788492640419,3128.245846772605,7143.738401767516,2123.494913886768,3273.392332702535,3694.0540187181,5589.26086559607,5236.929710809399,3045.8312303703574,2864.4011705776784,2603.7225781372817
Zambia,-522.7587276709035,-551.5934025884347,-574.904019023799,-534.1781541602735,-415.88746353232676,-411.39552322579203,-440.3703308095882,-363.2885735600631,-420.22895448436685,-304.4672420742415,-308.02692039548737,-303.0871221410641,-292.7479610473875,-339.9751701181038,-335.826908729172,-262.1653108211819,-232.5312050452453,-338.98392269078664,-344.749302271941,-221.86180984525257,-177.77987614393746,-197.29552758601835,-218.0941579398548,-219.11185661245028,-221.25534950071332,-217.14463984273172,-163.86317167712158,-116.11460087999392,-172.66793406731148,-159.9394617256764,-230.00605543620208,-178.23282176491105,-189.01813908339852,-194.60823405217917,-901.5137285310609
Zimbabwe,-3095.7390704349955,-2384.7965394313533,-2350.2813636800406,-2838.081448549026,-6934.421637570689,-18178.57107417513,47336.49761766134,3970.31097117946,16201.902851934346,27550.616287384004,94226.11959171598,18659.747725667414,27365.63739134198,9756.369012321937,12222.3224288444,10532.782836049637,10005.202755696873,8928.102406322303,9151.355895841025,27888.116288124562,59094.743002071424,19276.43205570755,48800.26739884121,-28188.403181783782,-48704.69059341225,-136530.7723910553,-17105.390231406367,-11915.27978942613,-8511.266960427294,-6485.758543079436,-16292.59636910872,-45535.82059133119,-26166.540168772248,-159374.64696779108,-92502.39563656416
