,Country Name,1980,1981,1982,1983,1984,1985,1986,1987,1988,1989,1990,1991,1992,1993,1994,1995,1996,1997,1998,1999,2000,2001,2002,2003,2004,2005,2006,2007,2008,2009,2010,2011,2012,2013,2014
0,Afghanistan,0.0,0.0,0.0,0.0,0.0,0.0,0.0,0.0,0.0,0.0,0.0,0.0,0.0,0.0,0.0,0.0,0.0,0.0,0.0,0.0,0.0,0.0,0.0,0.0,0.0,0.0,0.0,0.0,0.0,0.0,0.0,0.0,0.0,0.0,0.0
1,Angola,20.30075187969925,21.42857142857143,24.09090909090909,26.29310344827586,12.10762331838565,11.347517730496454,12.996389891696749,12.280701754385964,13.395638629283493,12.727272727272727,12.244897959183676,10.723192019950126,9.511568123393316,7.345971563981045,9.090909090909092,9.974424552429667,9.785202863961812,14.780600461893766,15.549597855227885,17.721518987341767,20.086393088552914,20.675944333996025,18.90909090909091,17.280453257790366,11.486486486486488,15.934959349593495,12.969696969696967,12.344398340248961,13.378492802709566,17.808219178082194,17.184401850627893,14.863184079601991,12.586098935504069,14.38053097345133,19.17098445595855
2,Albania,13.509544787077827,17.777777777777782,19.148936170212764,17.567567567567565,16.897506925207754,18.011527377521613,18.103448275862068,17.265193370165747,17.015341701534172,18.128654970760234,12.874779541446207,14.173228346456693,19.158878504672888,27.27272727272728,30.049261083743843,21.621621621621625,17.741935483870968,22.37762237762238,18.75,9.931506849315069,12.337662337662337,10.869565217391305,10.133333333333333,9.424083769633508,6.982543640897758,7.853403141361258,6.860158311345646,8.730158730158731,7.547169811320756,3.7135278514588874,2.544529262086514,2.898550724637681,2.8735632183908053,1.3736263736263736,2.912621359223301
3,Arab World,36.445385630543534,36.00122747307928,37.08155812538039,38.288815081629785,40.89487945529078,41.57103460546215,43.73725267562397,43.516557471150605,44.152828856941184,43.329508341424656,42.76347698000683,41.118634300943604,42.97060509293375,45.33112884142827,46.30903255387437,46.65723133836863,45.97581851756999,48.175434557384605,47.08237694465697,46.30145621887411,46.84554733818226,47.214156702256574,47.739802754409475,48.92416828700242,49.57369431255682,48.80018805829806,48.876424629058846,46.89808166880196,47.825049701789254,48.401280489189254,48.00452670181068,48.27746838259321,48.53374830817113,48.85053373863336,50.15927529739685
4,United Arab Emirates,27.26326742976067,25.675096442348906,28.794992175273872,33.21182665046577,28.13676286072773,27.512633352049413,25.987006496751622,24.92085029398462,26.292629262926287,24.090821627862226,26.315789473684216,23.516483516483518,26.36604774535809,28.79677798288303,28.76315388134818,29.00631820792648,29.555769495255127,30.38486627527723,32.597882923096535,34.89641483686887,38.83251910309408,36.954172070903574,40.04654114660461,42.391414397084134,47.56643489856177,47.997479974799745,49.4696574508781,45.90414820781313,46.559257236482814,40.340136054421755,40.052718286655676,38.682920698755815,39.888169511477344,39.10762667896466,41.52083452089153
5,Argentina,32.08994431018178,31.24401404703629,30.482266435986162,31.13386824324325,29.301277235161532,29.4017094017094,35.87350959046137,33.906852566004154,39.53270151074412,39.22055592702264,34.51398671764942,36.47384497899962,35.385192831003096,31.73686172195304,28.25935596170583,29.14997015943388,30.251562249639484,28.65443425076453,29.14450354609929,31.873653984206747,32.299741602067186,30.26703927961497,30.096209193322917,30.83097622505924,31.93885211219545,31.787459010908112,31.699325814378422,33.81651265325844,34.452306821398246,36.18759992893942,35.885332719318434,36.89148912683519,38.49884153241015,37.402511200840756,38.03856348422639
6,Antigua and Barbuda,0.0,0.0,0.0,0.0,0.0,0.0,0.0,0.0,0.0,0.0,0.0,0.0,0.0,0.0,0.0,0.0,0.0,0.0,0.0,0.0,0.0,0.0,0.0,0.0,0.0,0.0,0.0,0.0,0.0,0.0,0.0,0.0,0.0,0.0,0.0
7,Australia,48.85846957531198,50.41230650528041,51.86953062848051,52.10625433640599,51.77833317312314,52.7367703838292,52.35644637053088,53.334195997239476,53.75160901880994,54.830718414533436,55.00327262926886,55.667062473666064,55.73956014938324,55.457249070631974,55.25205499381683,55.41265113019097,56.09789075175772,56.139077653889295,58.804817788758484,59.058565955117686,58.8527039139528,59.91848224496379,62.69734391564712,60.86549906478489,61.320060002727395,62.10206496020649,62.514906585398165,62.68421731836368,62.05923836389281,63.31750921670623,62.92293474354366,61.551368094992256,60.903149138443254,59.37826268532053,58.357857563272525
8,Austria,21.604711078395287,24.985451018428712,23.20675105485232,23.83073496659243,25.117739403453694,24.90501519756839,25.004842146039124,25.773195876288657,24.995032783628048,26.57800714569273,35.3589196872779,34.309346567411076,31.480482101097323,31.612903225806452,34.044823906083245,34.72059070313811,33.54920233770336,34.74644056950888,33.011246633929986,32.49308830704179,31.67932762243414,32.35205314009662,32.538860103626945,33.214383749656875,33.5316387236344,34.24547283702213,34.01502504173624,34.44156591824986,34.19503087749533,31.815326633165828,35.32838211737294,36.44803833483078,34.992175273865406,33.535730966837924,32.57650542941757
9,Burundi,0.0,0.0,0.0,0.0,0.0,0.0,0.0,0.0,0.0,0.0,0.0,0.0,0.0,0.0,0.0,0.0,0.0,0.0,0.0,0.0,0.0,0.0,0.0,0.0,0.0,0.0,0.0,0.0,0.0,0.0,0.0,0.0,0.0,0.0,0.0
10,Belgium,33.80876494023905,34.63444318873338,33.50819068654519,32.27227227227227,30.77376276512176,26.795443288756807,25.138285262742013,26.29812438302073,27.614331488494038,28.407130534790106,29.797647058823532,28.993869455463397,28.724573941726227,29.151498179781576,29.88834301027244,29.71423452476933,28.31093228319493,27.647783251231523,28.443603200550637,26.51030561478323,27.38043001316367,25.536368393511246,27.4046511627907,27.19665271966527,26.94939672249234,27.992170022371365,28.320368769806965,29.38640465209545,26.71549730146492,26.15767119030353,27.508305647840533,27.85729544969023,27.658186562296148,25.406852248394003,25.847069597069602
11,Benin,5.128205128205128,3.333333333333333,5.555555555555557,16.666666666666664,10.526315789473683,6.382978723404255,7.317073170731707,8.333333333333332,5.555555555555557,7.142857142857142,11.538461538461537,15.0,14.285714285714285,14.285714285714285,13.636363636363635,13.636363636363635,3.296703296703297,4.310344827586206,4.132231404958678,3.7313432835820888,4.225352112676056,3.4682080924855496,3.4653465346534658,2.6315789473684217,2.469135802469136,2.985074626865672,3.3950617283950617,3.957783641160949,4.1775456919060066,2.1479713603818613,2.417582417582418,2.350427350427351,2.4489795918367347,2.294455066921606,2.264808362369338
12,Burkina Faso,0.0,0.0,0.0,0.0,0.0,0.0,0.0,0.0,0.0,0.0,0.0,0.0,0.0,0.0,0.0,0.0,0.0,0.0,0.0,0.0,0.0,0.0,0.0,0.0,0.0,0.0,0.0,0.0,0.0,0.0,0.0,0.0,0.0,0.0,0.0
13,Bangladesh,26.59574468085107,26.21664050235479,28.92441860465117,30.482115085536552,33.17683881064163,39.09090909090909,40.610328638497656,39.361702127659576,43.23770491803279,40.038131553860815,38.96672504378283,42.7906976744186,44.29301533219761,46.277021617293826,45.285820341499615,40.77669902912621,40.3119376124775,38.26040554962647,41.1702688455456,44.73817996949669,43.0276981852913,43.156199677938815,43.406179351921615,41.705649514213746,45.87958291288261,46.22848200312989,48.33759590792839,48.47184986595175,48.37288965011011,48.60322507381331,48.64593781344032,47.44744744744745,49.26701570680629,52.11409395973155,52.802312510036934
14,Bulgaria,45.679012345679006,46.169976563463656,47.20744680851064,46.32226322263223,46.108312342569256,47.74413231180835,50.931602356052416,51.60830860534125,51.75522962250541,51.622668927101,64.74453533592597,67.903197314962,69.41415634817963,69.71197945331133,66.98022653100402,67.21653394008344,67.22452049642723,58.2066276803119,59.22072623419011,62.33736059479554,62.88219957335862,65.46746613368866,62.88538479642269,63.38540552107853,62.94759825327512,62.12903225806453,61.23819517313746,63.79682290645225,66.41252833298991,69.05660377358491,70.04504504504504,72.42430400325136,69.74128233970754,68.91204880528723,69.04818419178731
15,Bahrain,62.01657458563537,60.051546391752595,57.125307125307124,58.510638297872326,89.14549653579678,89.34065934065933,90.3787103377687,89.91683991683995,89.9209486166008,89.57115009746592,89.04494382022473,88.52140077821012,89.32676518883417,89.66846569005396,89.60843373493977,89.29368029739777,89.35415188076651,88.56345885634589,88.32684824902725,88.9538661468486,88.69949494949495,88.31804281345566,87.6672484002327,87.31843575418995,85.9955005624297,85.89494163424125,86.57718120805366,85.78302712160979,85.53433563592037,85.36984062116879,84.02505873140174,84.47399296050057,85.28171713300115,81.22347949080621,80.46480296396092
16,"Bahamas, The",0.0,0.0,0.0,0.0,0.0,0.0,0.0,0.0,0.0,0.0,0.0,0.0,0.0,0.0,0.0,0.0,0.0,0.0,0.0,0.0,0.0,0.0,0.0,0.0,0.0,0.0,0.0,0.0,0.0,0.0,0.0,0.0,0.0,0.0,0.0
17,Belize,0.0,0.0,0.0,0.0,0.0,0.0,0.0,0.0,0.0,0.0,0.0,0.0,0.0,0.0,0.0,0.0,0.0,0.0,0.0,0.0,0.0,0.0,0.0,0.0,0.0,0.0,0.0,0.0,0.0,0.0,0.0,0.0,0.0,0.0,0.0
18,Bermuda,0.0,0.0,0.0,0.0,0.0,0.0,0.0,0.0,0.0,0.0,0.0,0.0,0.0,0.0,0.0,0.0,0.0,0.0,0.0,0.0,0.0,0.0,0.0,0.0,0.0,0.0,0.0,0.0,0.0,0.0,0.0,0.0,0.0,0.0,0.0
19,Bolivia,23.515439429928737,27.1523178807947,28.131416837782346,21.255060728744933,25.054466230936818,24.825986078886316,27.951807228915662,29.19540229885057,26.995305164319248,27.966101694915253,29.32038834951456,27.852998065764023,30.683918669131238,27.886323268206038,29.508196721311478,31.059506531204647,26.89335394126739,26.964560862865948,28.818443804034587,24.00611620795107,26.056338028169023,24.082232011747433,24.89510489510489,27.10997442455243,24.765258215962447,27.012127894156567,25.734549138804454,26.135310472659874,25.63884156729131,26.612903225806452,27.226277372262768,26.899798251513108,25.22414823670053,24.600827912477822,24.6448087431694
20,Brazil,12.080376840975491,13.44,13.059343191857117,13.752866585727775,15.492957746478874,15.206812652068123,17.936244491501178,16.950097574574855,16.278432447245823,15.261675154404594,15.19674355495251,14.651880525187009,15.211281998875888,14.829965500246425,14.187262357414449,13.788863516599331,13.734498881886564,14.469331102407114,14.343262621036295,16.217279359176086,17.115391194280043,18.292234081707765,16.742688489401665,17.14090287277702,17.9746263356684,18.624798711755236,18.50141706206413,17.425069773085788,19.672885107361523,17.686047228559094,18.654359970852564,16.1631458713006,19.363395225464192,23.48170961380808,26.30981891517163
21,Barbados,0.0,0.0,0.0,0.0,0.0,0.0,0.0,0.0,0.0,0.0,0.0,0.0,0.0,0.0,0.0,0.0,0.0,0.0,0.0,0.0,0.0,0.0,0.0,0.0,0.0,0.0,0.0,0.0,0.0,0.0,0.0,0.0,0.0,0.0,0.0
22,Brunei Darussalam,81.43939393939394,83.39768339768341,81.1808118081181,80.06872852233677,81.56996587030714,79.66101694915253,79.93197278911563,79.59866220735785,78.59424920127795,77.491961414791,77.91411042944786,77.21893491124258,75.69832402234637,76.42487046632125,76.32850241545894,77.1111111111111,76.00849256900213,76.03143418467585,75.1740139211137,75.17899761336515,77.14932126696831,76.33410672853829,75.45871559633028,78.66666666666666,76.82926829268294,76.97095435684646,58.391123439667126,54.970760233918135,54.43213296398893,68.90982503364737,75.21865889212826,73.60912981455064,71.44906743185079,72.4087591240876,72.08955223880595
23,Bhutan,0.0,0.0,0.0,0.0,0.0,0.0,0.0,0.0,0.0,0.0,0.0,0.0,0.0,0.0,0.0,0.0,0.0,0.0,0.0,0.0,0.0,0.0,0.0,0.0,0.0,0.0,0.0,0.0,0.0,0.0,0.0,0.0,0.0,0.0,0.0
24,Botswana,0.0,45.65217391304349,47.91666666666667,45.39007092198582,40.0,40.66666666666666,43.930635838150295,43.575418994413404,49.76744186046512,49.36708860759494,54.092526690391466,51.64835164835166,50.0,50.46153846153847,53.57142857142857,54.858934169279,45.205479452054796,45.60260586319219,35.869565217391305,43.005181347150256,41.19106699751861,32.041343669250644,32.506203473945405,35.29411764705882,40.55415617128463,39.25233644859813,31.295843520782395,25.0,23.91799544419135,33.121019108280265,17.431192660550455,27.864583333333336,42.126789366053174,44.274809160305345,54.50581395348837
25,Central African Republic,0.0,0.0,0.0,0.0,0.0,0.0,0.0,0.0,0.0,0.0,0.0,0.0,0.0,0.0,0.0,0.0,0.0,0.0,0.0,0.0,0.0,0.0,0.0,0.0,0.0,0.0,0.0,0.0,0.0,0.0,0.0,0.0,0.0,0.0,0.0
26,Canada,25.342871355141288,25.58543792992128,28.066080551881537,29.75433411615695,31.02713669794573,30.573119016784734,29.926363824932587,31.60509393519102,32.905932819202555,33.45998145509645,32.901887871853546,33.58595641646489,34.22665883734586,32.46691871455577,32.38138686131387,32.817268494798505,32.105354133356386,33.6970152997241,36.22988031366075,35.819839488952226,36.61971830985916,38.197408011956966,37.6416836784291,38.05039688482852,36.486152559448,37.728937728937716,37.663130580783026,38.74406730907522,39.63341622916091,39.54873751630424,39.870685556717696,38.820148181326154,39.30752047654505,39.35088325722707,38.72927180966114
27,Switzerland,3.2101910828025484,3.0877573131094267,3.2636701975379334,2.944188428059395,2.9060716139076286,2.8256704980842917,2.976476236197792,3.0492376905773564,2.7345709984947315,2.584896097313736,6.059862610402356,6.8616163941975605,7.154322403118552,6.68912415784408,7.3086419753086425,6.824210272486135,6.890835898650249,7.555879494655006,8.466228893058162,7.919869555089681,7.749165474487362,7.839520405810468,8.343294286397322,8.107482047718323,8.927749654855036,9.088838268792713,9.3836246550138,9.005538165181797,8.976744186046512,8.585131894484412,8.677494199535964,9.130434782608695,8.711747285291214,8.760529482551144,9.30047694753577
28,Chile,29.81308411214953,29.121653358384208,27.475516866158877,27.30142030510257,28.550222662048487,27.166156982670746,24.77744807121661,24.34146341463415,27.5,32.4,36.05164797825349,29.51167728237792,24.28082191780822,23.126614987080107,27.09620476610768,27.199136535348078,32.42424242424243,31.889923108053424,37.180511182108624,40.23185100722159,34.04649249125695,31.37591084440634,33.22083948534065,35.349794238683124,39.133695855991,38.257993384784996,37.47754222062522,41.80145892800507,43.36190046609532,42.000311575011686,40.034990523399905,43.12084993359894,47.863247863247864,46.88452627728325,43.015433320142456
29,China,26.20472210001467,25.938184150197927,25.59271548948996,25.381828466760048,25.301301573377977,27.5544538011552,28.19341250804423,29.194077150038247,30.385208168562787,33.13414120436133,34.940316194109656,36.31621059369499,38.46956262573579,40.12912308930008,41.87602487546796,41.06744530806213,46.317141872295096,45.69118557765086,46.98918888285122,49.40447454447648,51.038493940768596,51.225521941591886,52.624024247276466,53.75830943932568,50.29465181553782,50.22517352265452,51.57791127166457,51.334839075715344,50.16206449894681,50.365986783771035,51.56823946905755,52.39090372120495,52.52680382833951,53.156462872905166,52.253008706982314
30,Cote d'Ivoire,19.469026548672566,13.712374581939798,16.89189189189189,32.887700534759354,44.910179640718574,32.786885245901644,33.11688311688312,32.786885245901644,29.411764705882355,23.20819112627986,22.222222222222218,22.58064516129032,24.90974729241877,30.74324324324325,34.3042071197411,31.288343558282214,38.50129198966409,44.56066945606694,51.13871635610764,37.36920777279522,37.44075829383887,39.29712460063897,41.3793103448276,42.33009708737864,42.988929889298895,53.87263339070568,41.56305506216696,44.14414414414414,44.65408805031446,42.56756756756757,46.8599033816425,47.7815699658703,46.19289340101521,41.782407407407405,42.032085561497325
31,Cameroon,4.1916167664670665,4.571428571428571,4.787234042553191,3.431372549019608,2.8037383177570088,1.6806722689075633,1.7391304347826086,2.1929824561403506,1.6064257028112447,1.4705882352941175,1.5151515151515151,1.6460905349794237,1.3215859030837005,1.2396694214876034,1.1764705882352942,1.2195121951219512,1.2295081967213115,1.1673151750972763,1.8656716417910448,1.6666666666666667,1.4336917562724014,2.2140221402214015,3.103448275862069,4.026845637583892,3.9867109634551503,5.460750853242321,19.29260450160772,32.281553398058264,33.02107728337237,32.432432432432435,32.475247524752476,30.37475345167653,31.086142322097377,33.846153846153854,32.615894039735096
32,"Congo, Dem. Rep.",5.047318611987381,4.71976401179941,5.32319391634981,4.46927374301676,4.610951008645533,4.9230769230769225,5.0,4.819277108433735,4.310344827586206,1.5151515151515154,3.3444816053511706,4.294478527607364,3.546099290780142,4.37956204379562,3.3057851239669422,3.508771929824562,3.4782608695652173,3.4782608695652173,3.149606299212598,3.2,0.0,1.4084507042253522,1.2987012987012987,1.0638297872340428,0.99009900990099,0.78125,2.1582733812949644,3.8961038961038965,3.4883720930232567,3.4482758620689653,3.2085561497326207,2.5641025641025643,0.0,0.0,0.0
33,"Congo, Rep.",11.594202898550725,11.111111111111114,3.75,0.0,0.0,0.0,0.0,0.0,0.0,0.0,0.0,0.0,1.639344262295082,0.0,0.0,0.0,0.0,0.0,0.0,5.405405405405406,0.0,0.0,0.0,4.0,5.128205128205128,4.761904761904763,4.901960784313727,3.636363636363636,3.6496350364963503,8.917197452229301,11.475409836065571,14.35406698564593,18.83408071748879,16.92913385826772,17.424242424242426
34,Colombia,25.89080459770115,27.655310621242485,28.2051282051282,29.122055674518197,29.05530563641175,29.440081074233593,29.382470119521923,27.599155127904247,27.808727948003718,26.410885567700205,26.84578418523372,26.89393939393939,27.158746208291202,26.72165739497411,23.595936361893806,25.528007346189167,22.001471670345847,24.728445349626607,27.67104819683182,24.053066717938858,25.38305335056304,25.553725059491118,25.576080746524468,26.33101851851852,23.87916105445449,24.211312301661376,23.05684995340168,22.954711468224982,19.92089176555196,30.001694053870917,28.76598571665836,20.69123719223123,23.201962889127437,26.59799633131085,26.91034482758621
35,Comoros,0.0,0.0,0.0,0.0,0.0,0.0,0.0,0.0,0.0,0.0,0.0,0.0,0.0,0.0,0.0,0.0,0.0,0.0,0.0,0.0,0.0,0.0,0.0,0.0,0.0,0.0,0.0,0.0,0.0,0.0,0.0,0.0,0.0,0.0,0.0
36,Cabo Verde,0.0,0.0,0.0,0.0,0.0,0.0,0.0,0.0,0.0,0.0,0.0,0.0,0.0,0.0,0.0,0.0,0.0,0.0,0.0,0.0,0.0,0.0,0.0,0.0,0.0,0.0,0.0,0.0,0.0,0.0,0.0,0.0,0.0,0.0,0.0
37,Costa Rica,6.9444444444444455,6.435643564356437,12.5,8.670520231213873,7.608695652173914,6.666666666666668,8.737864077669903,10.454545454545453,10.822510822510822,7.224334600760457,7.3076923076923075,9.420289855072463,17.357512953367873,13.385826771653544,20.224719101123593,19.36936936936937,12.470023980815348,7.090464547677263,8.131868131868131,2.8508771929824563,1.3333333333333333,3.8696537678207736,3.784860557768925,4.3233082706766925,2.4482109227871938,5.330882352941177,9.380234505862646,10.944527736131935,10.179640718562874,6.918238993710692,9.228441754916792,9.911242603550297,8.625730994152047,11.921458625525947,10.739191073919107
38,Caribbean small states,44.61657629744385,47.37609329446065,48.05401111993647,47.08299096138045,47.2013366750209,50.26501766784453,49.422222222222224,51.30581297388375,49.48371723590151,45.1403887688985,44.451783355350074,46.404793608521956,55.50715619166147,62.46867167919799,57.18692165330043,62.703681351840665,60.023174971031295,60.265633646928606,60.2428722280887,59.157127991675345,54.754098360655725,55.35327264846121,57.52799668187474,62.56065696155282,57.78508771929825,56.701730573464545,55.26315789473684,50.08625646923519,49.984686064318545,54.93296665520797,57.765579593154676,60.17868538608808,57.56791720569211,57.196029776674926,54.95829471733086
39,Cuba,31.72572178477691,31.11623312479421,33.36610947230416,30.310334438083764,29.107710077967077,32.88778364936276,34.99236641221374,35.212489158716394,35.49712407559573,35.47959724430313,37.683284457477995,41.65725047080978,42.76966556759303,46.968925114620475,49.38505203405866,49.06417112299465,47.377049180327866,41.34141720348617,41.381957773512475,38.41576794347342,39.97805413313826,36.432350718065,50.950871632329644,54.89795918367346,54.78943022295624,52.215568862275454,51.41509433962265,51.46332193082478,54.416961130742045,48.99420388680532,49.724602203182386,51.46120255290562,51.90039318479685,53.093133922501686,52.80135823429541
40,Cayman Islands,0.0,0.0,0.0,0.0,0.0,0.0,0.0,0.0,0.0,0.0,0.0,0.0,0.0,0.0,0.0,0.0,0.0,0.0,0.0,0.0,0.0,0.0,0.0,0.0,0.0,0.0,0.0,0.0,0.0,0.0,0.0,0.0,0.0,0.0,0.0
41,Cyprus,40.07782101167315,43.87351778656127,44.35797665369649,43.12977099236642,41.605839416058394,42.7536231884058,41.254125412541256,41.78272980501393,40.273972602739725,43.30708661417323,45.24421593830335,41.21621621621621,44.631578947368425,45.54655870445344,46.108949416342405,42.772277227722775,42.42990654205608,44.058500914076774,45.43889845094664,46.62273476112026,46.82539682539682,45.88045234248788,47.31861198738171,50.142450142450144,47.90159189580317,49.50354609929079,50.070323488045005,50.40431266846361,51.31926121372031,52.4,52.203856749311285,52.14285714285714,53.14900153609832,49.288256227758005,50.0
42,Djibouti,0.0,0.0,0.0,0.0,0.0,0.0,0.0,0.0,0.0,0.0,0.0,0.0,0.0,0.0,0.0,0.0,0.0,0.0,0.0,0.0,0.0,0.0,0.0,0.0,0.0,0.0,0.0,0.0,0.0,0.0,0.0,0.0,0.0,0.0,0.0
43,Dominica,0.0,0.0,0.0,0.0,0.0,0.0,0.0,0.0,0.0,0.0,0.0,0.0,0.0,0.0,0.0,0.0,0.0,0.0,0.0,0.0,0.0,0.0,0.0,0.0,0.0,0.0,0.0,0.0,0.0,0.0,0.0,0.0,0.0,0.0,0.0
44,Denmark,43.045202220459956,39.708664396519104,49.87281976744186,49.535603715170275,49.183405293786365,52.22877745001638,52.411105698977096,52.240802675585286,52.1257591997142,49.07315128562886,52.08946439081814,57.950645530315406,55.089495570421256,55.52088750216676,58.75669534166531,55.78965399109283,63.00432779561637,58.30639948287006,56.19392684610076,53.843344896841344,52.07881773399014,52.86587695834925,53.56388088376561,57.05831157528285,51.9212203128017,48.72006606110653,55.579208799006565,51.579151327262146,50.298169853999596,51.98294243070362,51.48242270224482,47.941946228884134,45.75074667390714,49.35266701191093,45.204288611996525
45,Dominican Republic,48.34123222748815,48.5,41.45077720207254,50.81481481481482,51.12994350282485,53.772070626003206,54.17256011315417,52.22772277227723,50.43050430504306,43.3679354094579,44.189189189189186,47.46423927178154,48.615725359911394,45.03901895206243,46.64778092540133,44.47415329768271,42.678868552412645,42.74252370532458,55.407124681933844,55.721989215098866,52.407002188183796,55.692652832305114,51.1724856696196,53.17884729649436,41.57014157014158,48.15242494226328,48.29637641968632,48.975188781014026,51.17521367521367,49.89118607181721,48.98278560250391,50.0,49.5987963891675,53.123412899949216,53.63447559709242
46,Algeria,46.303642264695284,48.08470881345376,51.726844583987436,54.567192730750826,50.04901960784315,46.69519733713742,50.0,47.89898132427844,50.59559862709469,50.676357762971925,45.13291634089132,43.99561323341254,43.79322897706589,44.60127028934369,45.695970695970686,46.74620390455531,46.86588921282798,49.49982136477314,48.28725439054078,48.103759645378425,47.43860790372418,47.92063492063492,47.3800088066931,45.191773207337405,43.271983640081814,42.07876049063912,42.400594574507615,40.01178550383029,40.034052213393856,38.83063234826819,37.924193379972856,38.869846244246396,39.86626908828047,38.42641376887952,38.82697470104939
47,Ecuador,31.15384615384615,31.94915254237288,32.31810490693739,26.239855725879174,20.125223613595708,15.008576329331047,13.350125944584384,12.908777969018931,10.414971521562244,10.399334442595674,12.012012012012011,13.803019410496047,16.396761133603242,13.319088319088314,12.3489932885906,23.60695026962253,21.71875,22.858541360744,25.392156862745093,23.728813559322035,22.173193601765032,24.74066390041493,24.494949494949488,23.430321592649307,23.412877082395315,24.372909698996647,27.41935483870968,27.443464929091608,24.74187380497132,27.11157455683003,30.23400936037441,26.187576126674784,25.88476162620649,27.209367159185952,26.465272398657376
48,"Egypt, Arab Rep.",22.710532776822987,23.364084960308947,24.533174413984906,26.612186889323148,26.66774611398964,28.79751745539178,31.65829145728643,32.92837971464896,33.38886575038178,32.24656810982049,32.570988050880125,34.831024213388574,34.50730610715624,33.536957849725106,34.89461358313817,33.50887936313533,32.54410399257196,32.871116844028805,35.38116134299419,35.84831899921815,34.53013739845552,35.37757026129119,37.00822208469632,39.925055356838705,46.0974086793631,43.970405199834055,43.58114770262276,41.30594277329421,43.745976002341244,45.16424926904776,44.12698412698413,44.568550153307065,46.584605631570604,49.57128158225677,50.3376233623824
49,Spain,38.19548872180452,41.11461619348055,42.42572110171329,42.321200510855704,40.05371831458788,38.381502890173415,39.707872772388896,39.19146546883774,33.840807545920896,39.00045296693341,38.48469891411649,37.65270713504778,40.022532672374936,37.582280305578244,36.9461988843299,39.12433711706184,35.22987978342663,37.81010135278402,36.53655718765473,40.42908043362899,39.78745557031559,37.02631202631202,39.92461973347691,37.081474136506365,37.84461152882204,39.094206156520706,39.629492860659774,40.404997335543854,38.76780005812264,37.61820223904932,33.651423772807085,38.24773413897281,41.9789586853018,36.53919775405164,37.40678477520583
50,Ethiopia,22.962962962962962,20.805369127516784,24.444444444444443,23.448275862068968,24.444444444444446,24.460431654676267,17.073170731707318,15.053763440860214,13.989637305699484,13.300492610837441,13.364055299539174,14.479638009049776,5.035971223021583,3.888888888888888,3.864734299516909,3.448275862068966,2.702702702702702,1.8181818181818183,1.3698630136986305,0.6849315068493151,0.625,0.4950495049504951,0.4750593824228029,0.2188183807439825,0.4166666666666667,0.22271714922049,0.20833333333333331,2.9684601113172544,7.66609880749574,8.180300500834724,0.6711409395973155,0.5822416302765648,0.1375515818431912,0.11764705882352942,0.1095290251916758
51,Finland,38.395624430264355,28.091368328574557,26.775584297708196,27.377318619394217,29.81338188438781,37.39382639320489,35.21882741535921,36.36189380870232,36.24174115818111,33.559914546513895,36.90078037904125,39.34005499541705,36.93763274763468,41.823662396382815,45.13853904282116,44.578096947935364,51.06964774006754,48.59517871986699,42.394366197183096,43.74218889484021,47.4243813015582,51.39646339448025,53.85716557976777,59.066629181894854,56.87649164677803,48.54014598540146,57.54147812971342,56.180998289535076,52.68336314847942,54.91588785046729,56.78253839935326,53.74724467303454,50.0,51.985413290113456,50.651933701657455
52,Fiji,0.0,0.0,0.0,0.0,0.0,0.0,0.0,0.0,0.0,0.0,0.0,0.0,0.0,0.0,0.0,0.0,0.0,0.0,0.0,0.0,0.0,0.0,0.0,0.0,0.0,0.0,0.0,0.0,0.0,0.0,0.0,0.0,0.0,0.0,0.0
53,France,30.121302685360174,27.19209886249171,28.380702970551237,25.48820287839067,22.2972412075597,20.16491327836224,16.95312271249964,15.866762177650427,16.677162992952464,19.59273685416428,18.428364688856732,20.027553418514817,17.675389755011135,15.069538172642451,15.08090229148664,16.274669616347445,16.69402632091483,16.015046164367945,19.026263494280034,17.689432180959912,19.045398436428467,17.07237557052815,17.91390728476821,18.451718049708003,18.23282287572842,19.83694184979213,19.25858199650902,20.336677435810234,19.70556223864353,19.540505683692754,20.315808045165845,18.32179094862297,17.43022136669875,16.9930312490146,13.795155418650234
54,Faroe Islands,0.0,0.0,0.0,0.0,0.0,0.0,0.0,0.0,0.0,0.0,0.0,0.0,0.0,0.0,0.0,0.0,0.0,0.0,0.0,0.0,0.0,0.0,0.0,0.0,0.0,0.0,0.0,0.0,0.0,0.0,0.0,0.0,0.0,0.0,0.0
55,Gabon,9.30232558139535,7.4074074074074066,6.8181818181818175,13.186813186813188,8.609271523178807,14.285714285714285,16.216216216216218,19.53125,17.36111111111111,26.548672566371692,34.065934065934066,29.906542056074766,28.828828828828836,27.5,21.551724137931036,25.190839694656486,29.787234042553195,27.631578947368425,30.24691358024691,30.263157894736853,30.821917808219183,27.702702702702698,32.60869565217392,35.971223021582745,36.36363636363637,36.416184971098254,33.888888888888886,39.69072164948454,34.0,33.49514563106796,30.07518796992481,30.76923076923077,30.91482649842272,28.613569321533927,32.664756446991404
56,United Kingdom,46.02440050483803,45.12131324975196,44.28700744490218,44.306243433888646,43.1846368498566,43.565066980715436,44.030251980357725,44.31486880466473,43.34248333392749,43.954979810345144,44.97270453342097,43.962715617299395,44.88409053543049,42.29783223374175,41.780887385062414,42.05147173337488,41.839679208514475,41.219688531957715,41.9267800295054,41.9593381721689,43.283123860692704,43.77824252156701,44.22174347926445,45.344380565888855,44.92171366350018,45.77426339075591,46.6734268491916,46.456315335187504,45.626156450533436,44.38735522076114,43.805708772886476,44.964422550629436,45.84523500389509,44.0521190020901,41.930659081992935
57,Ghana,5.936073059360732,4.7970479704797055,5.194805194805196,4.0,4.972375690607736,5.2631578947368425,4.4843049327354265,2.586206896551724,3.3472803347280333,3.0303030303030303,2.755905511811024,3.508771929824562,2.985074626865672,2.9411764705882346,3.741496598639456,2.8037383177570097,2.2792022792022792,0.8333333333333334,22.52747252747253,20.136518771331065,11.445783132530119,17.700729927007302,29.59641255605381,27.613104524180965,11.148648648648651,18.59375,31.354838709677423,31.466030989272934,24.74226804123712,18.702702702702698,29.66507177033493,24.214417744916826,24.35395458104933,26.739926739926737,24.332570556826855
58,Gibraltar,55.555555555555564,44.44444444444446,50.0,55.555555555555564,62.5,55.555555555555564,41.66666666666667,38.46153846153847,42.857142857142854,42.857142857142854,42.857142857142854,35.0,29.16666666666667,33.333333333333336,27.58620689655173,28.57142857142857,27.58620689655173,26.66666666666667,29.032258064516125,28.125,29.411764705882355,28.571428571428577,27.777777777777782,27.777777777777782,25.64102564102565,26.82926829268293,26.190476190476193,28.57142857142857,30.232558139534888,27.659574468085108,27.659574468085108,28.26086956521739,27.659574468085108,28.0,27.777777777777768
59,Guinea,0.0,0.0,0.0,0.0,0.0,0.0,0.0,0.0,0.0,0.0,0.0,0.0,0.0,0.0,0.0,0.0,0.0,0.0,0.0,0.0,0.0,0.0,0.0,0.0,0.0,0.0,0.0,0.0,0.0,0.0,0.0,0.0,0.0,0.0,0.0
60,"Gambia, The",0.0,0.0,0.0,0.0,0.0,0.0,0.0,0.0,0.0,0.0,0.0,0.0,0.0,0.0,0.0,0.0,0.0,0.0,0.0,0.0,0.0,0.0,0.0,0.0,0.0,0.0,0.0,0.0,0.0,0.0,0.0,0.0,0.0,0.0,0.0
61,Guinea-Bissau,0.0,0.0,0.0,0.0,0.0,0.0,0.0,0.0,0.0,0.0,0.0,0.0,0.0,0.0,0.0,0.0,0.0,0.0,0.0,0.0,0.0,0.0,0.0,0.0,0.0,0.0,0.0,0.0,0.0,0.0,0.0,0.0,0.0,0.0,0.0
62,Equatorial Guinea,0.0,0.0,0.0,0.0,0.0,0.0,0.0,0.0,0.0,0.0,0.0,0.0,0.0,0.0,0.0,0.0,0.0,0.0,0.0,0.0,0.0,0.0,0.0,0.0,0.0,0.0,0.0,0.0,0.0,0.0,0.0,0.0,0.0,0.0,0.0
63,Greece,43.77074574020801,46.56368927691963,45.77893820713664,47.161749745676495,46.60766961651918,49.000183452577495,49.981610886355284,51.010860484544686,51.840250587314024,52.805232558139544,53.133047210300404,51.87455452601568,53.772802653399665,53.90257403819541,54.78543387031271,55.141774467529075,51.0925029438702,50.465116279069775,50.12996658002228,51.6280217069561,54.31916344623777,53.54051054384018,53.27651095860085,52.396166134185314,53.42099636519136,53.22970276231489,51.949017525225706,53.28705594120049,54.32203389830508,53.60824742268043,54.30352433469191,55.10526956310089,59.579439252336435,60.328059224851216,58.1056466302368
64,Grenada,0.0,0.0,0.0,0.0,0.0,0.0,0.0,0.0,0.0,0.0,0.0,0.0,0.0,0.0,0.0,0.0,0.0,0.0,0.0,0.0,0.0,0.0,0.0,0.0,0.0,0.0,0.0,0.0,0.0,0.0,0.0,0.0,0.0,0.0,0.0
65,Greenland,0.0,0.0,0.0,0.0,0.0,0.0,0.0,0.0,0.0,0.0,0.0,0.0,0.0,0.0,0.0,0.0,0.0,0.0,0.0,0.0,0.0,0.0,0.0,0.0,0.0,0.0,0.0,0.0,0.0,0.0,0.0,0.0,0.0,0.0,0.0
66,Guatemala,39.192399049881246,36.91460055096419,34.79623824451411,26.90909090909091,31.391585760517803,31.76100628930817,6.465517241379312,11.02941176470588,10.0,8.223684210526317,7.4766355140186915,8.504398826979473,21.563981042654028,19.654427645788342,20.1219512195122,18.77133105802048,17.832167832167833,17.666666666666668,26.963350785340317,24.10119840213049,28.32167832167832,28.03114571746385,31.70984455958549,32.676348547717836,32.12890625,30.790960451977405,29.63311382878645,29.293809938971233,30.243902439024392,29.207479964381122,25.290697674418613,24.904580152671752,23.890462700661008,24.30441898527005,21.065675340768284
67,Guyana,0.0,0.0,0.0,0.0,0.0,0.0,0.0,0.0,0.0,0.0,0.0,0.0,0.0,0.0,0.0,0.0,0.0,0.0,0.0,0.0,0.0,0.0,0.0,0.0,0.0,0.0,0.0,0.0,0.0,0.0,0.0,0.0,0.0,0.0,0.0
68,"Hong Kong SAR, China",61.78082191780822,61.66032953105197,58.669001751313495,65.08179959100204,66.29107981220656,70.76233183856502,69.35866983372921,71.57780979827089,69.56802063185043,71.36237256719184,73.42342342342343,74.90336830480398,71.72312223858614,73.18823801805974,64.70911086717892,66.70317634173054,67.64121487368719,64.92673992673993,57.011827178373174,48.24561403508772,56.19732275656916,57.28764478764479,63.06081754735793,67.15720626021957,69.17624052798827,71.52189692717154,69.99054820415878,69.77061094708154,68.3313885647608,65.05190311418684,67.08740176232436,66.8492550394391,66.44488800177423,66.53637350705756,66.18690029203171
69,Honduras,13.529411764705884,14.285714285714285,15.723270440251572,14.204545454545455,13.44086021505376,7.7844311377245505,4.11764705882353,4.736842105263158,3.827751196172249,3.017241379310345,2.2935779816513757,1.3888888888888888,4.4715447154471555,6.1538461538461515,10.666666666666668,25.210084033613445,20.738636363636363,24.03314917127072,30.555555555555554,19.266055045871557,23.16258351893096,24.574669187145556,26.33451957295373,25.801282051282055,32.57467994310099,32.262569832402235,25.15625,33.00492610837439,34.263959390862944,30.94594594594595,30.790190735694818,34.60620525059666,21.91616766467066,25.91715976331361,40.91428571428571
70,Haiti,11.290322580645164,19.230769230769234,17.910447761194032,21.333333333333336,20.51282051282051,20.0,22.97297297297297,27.160493827160487,25.842696629213485,27.956989247311824,25.806451612903228,24.719101123595504,16.049382716049386,12.307692307692307,15.789473684210524,17.777777777777782,22.641509433962263,27.559055118110233,19.23076923076923,14.814814814814813,13.768115942028984,13.245033112582783,12.716763005780347,10.365853658536588,8.994708994708995,8.585858585858588,8.91089108910891,10.344827586206897,10.344827586206897,11.607142857142856,13.397129186602877,13.08411214953271,33.17307692307693,30.414746543778804,29.347826086956523
71,Hungary,41.728185888902345,42.579224275052,43.092105263157904,43.30869232730055,43.04347826086957,40.579165099661545,41.65815022994379,40.224946290913685,37.78702833355714,37.26537881901631,35.6729598051157,38.07122596911441,43.01959412176347,43.419905874150245,42.9782723900371,43.88553146107358,43.626852659110725,46.65950205982447,47.91592447452797,46.86067019400353,44.68005254269094,43.69197160021846,41.69435215946844,41.528707291299746,39.077537679317224,35.83698830409356,36.79837518463811,39.603960396039604,38.66666666666667,36.07851504160444,37.250367878915284,37.333333333333336,38.33570412517781,33.932971907343514,31.132075471698123
72,Indonesia,17.709720372836216,17.597153804050354,19.024970273483948,19.294990723562147,24.458365961889854,24.758612468709025,26.627408993576022,28.598267404237557,27.71936532211814,26.880834706205373,35.648666816043026,37.366966136834826,36.809333420724904,37.81142546902334,35.75106335348109,36.36541758510899,36.128460893073544,37.553956834532364,40.563009301177054,36.42149390243903,34.9874667084443,36.437527336346406,39.00496446301654,39.34171310094597,37.85965245465768,38.952028130101716,38.26902717327373,39.17307257517522,40.286742445878794,40.49647916267091,40.329130723291314,43.8658520733134,43.13700449530037,42.07286557902111,44.25125420933271
73,India,31.02434928631403,32.09426627793975,33.55671947688605,35.27422303473492,34.48486871384068,38.093717570048696,39.82311665529675,42.353340115293314,42.11461858054568,43.014845073229054,43.74728983239381,45.28882286113782,46.791116184592646,49.40466613032985,48.78320101184036,51.61796292109428,52.46165064275685,51.534630011396075,52.72557811476647,53.73852514540656,55.21427608822604,55.86708203530634,54.92646115695413,56.26402197387457,56.887782391784256,55.560495748346575,55.53305756395995,55.453912933474605,53.62066787070688,52.29103742721751,51.50289162370003,51.76420685370168,53.4426723849092,52.31799876920421,53.60529195363599
74,Ireland,32.020084974893784,29.622421175554692,30.39176889592402,30.015923566878985,31.56626506024097,32.476370510396976,33.94027676620539,36.28865979381442,37.47330960854092,37.18782073212453,36.067751577548975,37.17447916666667,39.40966590982809,39.27073249435302,39.419475655430716,40.239043824701184,40.435550323719845,40.72592169191197,40.106382978723396,39.79539641943734,38.40313494979182,39.59497206703911,38.90209125475286,36.93114129139862,35.630014157621524,35.216998191681725,33.753594337535944,33.498312710911144,33.17438692098092,33.130699088145896,34.29951690821256,34.32708688245315,36.42476884281311,33.711130485324034,33.727111636148855
75,"Iran, Islamic Rep.",20.662371425341927,19.96021220159151,20.035200938691705,19.715331435542897,20.63837776943297,20.884198910269674,22.385730211817172,21.63852407754847,22.893772893772894,22.07265351281579,24.45379133076294,23.472803347280337,22.224376060092073,26.009290742780518,24.25081843364392,25.188154450261784,25.807222200103517,26.074911768054353,26.508515357720214,29.944714357513824,29.158124038954377,29.61650114591291,29.922729260825196,30.029668607254816,30.763447828904727,31.227104034478632,30.59093338083364,30.21753625604267,32.32209199696217,32.14115686741252,32.865884241147555,33.673469387755105,34.70069116326292,34.989164549394715,34.34515995612221
76,Iraq,31.452535264963778,24.871287128712872,19.918998527245947,30.082855321861054,31.7643576080521,32.79768177028451,37.00824499411071,34.56818181818182,35.53031839383492,34.680382072005884,31.79996182477572,32.85681346552917,44.67540292212683,52.98269581056465,56.57894736842105,56.44313643052343,54.258157192694455,61.58157456870128,47.91614043950492,30.9903103957957,35.371736662883094,39.42187889359582,38.03754493409666,46.32743998850079,42.35520175679385,37.621326042378676,36.499419953596295,28.260521683469356,39.54130975407571,53.49722615033178,55.49222297362574,50.974377481053764,50.20986774372378,54.71628319893469,65.04289867404097
77,Iceland,1.7142857142857144,2.2988505747126435,1.282051282051282,0.6289308176100629,0.591715976331361,0.6134969325153374,0.5882352941176471,0.5747126436781609,0.0,0.0,0.0,0.0,0.0,0.5154639175257731,0.4878048780487806,0.5102040816326531,0.4484304932735426,0.4739336492890995,0.9523809523809524,1.9512195121951224,0.4629629629629629,0.4761904761904762,0.4545454545454545,0.4566210045662101,0.4405286343612335,0.4484304932735426,0.4405286343612335,0.8620689655172415,0.4716981132075472,0.0,0.0,0.0,0.0,0.0,0.0
78,Israel,52.51989389920424,52.647657841140536,54.085045389393215,54.958677685950406,56.99161887957654,58.94693541752366,56.6616766467066,56.98516729906865,58.35777126099707,59.78090766823161,60.22554099359952,60.354141656662655,64.33192686357242,62.44877049180327,62.270011947431286,60.90929351459774,61.445270988310305,63.22095857026808,65.46339484891503,65.3846153846154,65.69396315885466,66.4647184604419,67.98312236286921,67.30611575668142,66.97727644270067,68.75318931791122,68.9032258064516,68.95424836601308,67.39568791686054,64.3170426065163,64.37235130790589,68.22222222222223,69.17548142120967,71.56370085722732,67.98577832740763
79,Italy,33.894487922977305,34.49960963479166,34.87962935812099,34.64477949266958,33.48933805247609,33.51563185447313,34.338665967304834,35.312612041148405,35.314971366239426,36.06156726119286,36.83886048960929,35.79302529232989,35.831691382349895,35.235407848670114,36.323272900259,37.405855653648565,36.521455130137674,36.795792202612425,36.79288819800345,35.29454022988505,36.36363636363637,35.51397419416274,37.19617852292419,36.94201693887179,39.190555750967285,38.94282395739739,40.008016746091826,40.651198622377315,40.46974856556422,38.40619379056854,39.0645334149889,39.5744902476498,39.27928419444597,36.326458036984356,35.560351568609065
80,Jamaica,19.571865443425075,19.785276073619638,25.31418312387792,26.763110307414106,26.053639846743298,28.90792291220557,28.28054298642534,31.98294243070362,33.470225872689944,28.095238095238088,27.900552486187845,27.184466019417478,45.69620253164557,58.71446229913474,49.693251533742334,62.306777645659906,57.58266818700114,58.48214285714285,57.610993657505276,56.46817248459959,56.281920326864146,56.5749235474006,56.770310932798395,57.78210116731517,44.0,41.73151750972763,31.26064735945485,31.659574468085108,28.55670103092784,38.0,41.12554112554113,40.08207934336526,40.46579330422125,36.202185792349724,35.42538354253836
81,Jordan,29.002320185614852,34.79087452471483,29.215358931552586,30.934150076569683,38.276836158192076,38.01874163319947,38.10679611650485,42.396313364055295,40.07134363852556,40.070505287896594,38.38709677419353,41.90782422293676,42.33983286908079,43.02752293577981,42.027729636048534,42.74061990212072,44.03162055335968,43.202416918429,44.90538573508005,43.75,41.02564102564103,41.53846153846154,44.26877470355732,40.960640426951315,40.14251781472685,39.03920485919381,41.51351351351351,43.197102948784284,48.09651474530831,46.60144181256436,48.41101694915255,50.57701956848971,49.912203687445135,52.003561887800544,52.42637909581087
82,Japan,39.887156269032324,40.109896602658786,39.3447821632434,39.65876341091278,40.56996513871183,39.67892822082347,39.47477827050998,39.34012191901913,40.01580217386662,40.31006948045215,42.61964251393428,42.64648109998562,42.97002466325176,41.843368195636785,43.96417125482784,42.64847932257861,42.59289003105257,42.639247774906686,43.294345183275006,43.89197733690923,44.42886684658792,44.072652671418226,45.41425307812754,46.79933665008292,46.489529577344655,46.909575687586496,46.50962713147617,49.834223003216074,50.00892379082635,48.719738853142616,49.70948534834776,51.71053083073123,53.61719376907868,53.85491216655824,53.09642193113079
83,Kenya,15.034168564920275,11.888111888111887,11.302211302211303,7.466666666666668,6.95067264573991,5.2287581699346415,10.940499040307099,10.516605166051662,9.29368029739777,9.15492957746479,7.608695652173915,7.721280602636536,8.426966292134832,9.09090909090909,10.43643263757116,8.551483420593367,9.14927768860353,10.11608623548922,17.021276595744688,20.57971014492753,28.221649484536083,22.316384180790962,16.544655929721817,15.870307167235492,21.428571428571427,22.860962566844922,22.511848341232227,22.43436754176611,27.2108843537415,28.283796740172587,20.33898305084746,22.52650176678445,19.323671497584538,21.880341880341888,13.360323886639677
84,Cambodia,0.0,0.0,0.0,0.0,0.0,0.0,0.0,0.0,0.0,0.0,0.0,0.0,0.0,0.0,0.0,10.884353741496598,13.071895424836605,15.853658536585364,16.48936170212766,17.80104712041885,19.387755102040817,20.0,26.696832579185518,25.63025210084034,27.731092436974787,29.056603773584904,32.094594594594604,33.70473537604457,32.62599469496021,23.908045977011493,17.532467532467532,17.355371900826448,15.217391304347828,12.934362934362936,19.836065573770494
85,Kiribati,0.0,0.0,0.0,0.0,0.0,0.0,0.0,0.0,0.0,0.0,0.0,0.0,0.0,0.0,0.0,0.0,0.0,0.0,0.0,0.0,0.0,0.0,0.0,0.0,0.0,0.0,0.0,0.0,0.0,0.0,0.0,0.0,0.0,0.0,0.0
86,St. Kitts and Nevis,0.0,0.0,0.0,0.0,0.0,0.0,0.0,0.0,0.0,0.0,0.0,0.0,0.0,0.0,0.0,0.0,0.0,0.0,0.0,0.0,0.0,0.0,0.0,0.0,0.0,0.0,0.0,0.0,0.0,0.0,0.0,0.0,0.0,0.0,0.0
87,"Korea, Rep.",28.175519630484985,30.36394091670473,32.268638511968284,32.281483611270836,33.216644649933954,31.614104952148498,29.163838321505708,27.064274682190806,30.147978324301796,30.470095988186067,27.98325493073239,29.84123259815423,31.933717683744874,32.14757563746862,33.23148374480567,33.723469787758305,34.85976408912189,37.72411906597369,39.09702209414026,37.641207439350254,42.59340761159112,44.63965176808472,43.866614646684866,44.77171975686668,48.73267628309728,49.94863500251361,50.92670326122054,53.24463069669985,54.83547515756732,57.4980574980575,58.611111111111136,60.410419136620405,60.957463451944314,60.43902268516901,60.485021398002864
88,Kuwait,44.192205826712076,41.42697048935376,42.527218739689886,43.535945695772924,46.94494857834241,46.107784431137716,46.18064195073402,44.96986555401021,41.45968666411922,38.60946745562129,74.60431654676259,62.113402061855666,54.524886877828045,56.85512367491165,64.73651960784314,63.976499690785396,66.82569974554707,68.425897514575,67.4819773429454,72.39766081871346,69.82069561460361,72.93906810035844,74.07123707391804,70.28849756463093,71.71824973319106,68.93728761198642,69.84693119334224,71.83286412801898,71.63616040240325,71.90767661310889,69.48161621410941,69.73490427098675,69.55359218786329,69.48870392390012,67.39079925650559
89,Lao PDR,0.0,0.0,0.0,0.0,0.0,0.0,0.0,0.0,0.0,0.0,0.0,0.0,0.0,0.0,0.0,0.0,0.0,0.0,0.0,0.0,0.0,0.0,0.0,0.0,0.0,0.0,0.0,0.0,0.0,0.0,0.0,0.0,0.0,0.0,0.0
90,Lebanon,47.518796992481214,46.12954186413901,57.051282051282044,47.20616570327553,43.48623853211009,44.93192133131618,48.1586402266289,45.78146611341632,52.83363802559414,50.816696914700536,50.816696914700536,45.611510791366904,37.971014492753625,31.584158415841586,31.859205776173287,28.30336200156373,37.340345604808405,38.936309914642145,53.59784801613989,51.75718849840255,51.393852751965674,50.23102310231023,56.357615894039746,56.74418604651162,49.0454246214615,50.829875518672196,60.2489019033675,67.02747710241465,61.00190234622703,51.73845355474832,61.81318681318682,63.18918918918921,57.42857142857143,62.6937984496124,57.21949038891373
91,Liberia,0.0,0.0,0.0,0.0,0.0,0.0,0.0,0.0,0.0,0.0,0.0,0.0,0.0,0.0,0.0,0.0,0.0,0.0,0.0,0.0,0.0,0.0,0.0,0.0,0.0,0.0,0.0,0.0,0.0,0.0,0.0,0.0,0.0,0.0,0.0
92,Libya,56.029579067121745,52.03744493392071,53.147208121827404,57.17092337917485,57.88005578800557,58.33333333333334,61.95210122006328,60.8179419525066,65.09584664536742,65.521105715353,62.95005807200928,61.57443491816056,59.779614325068884,58.517409210033705,58.226221079691506,56.89131754705525,55.84078453994808,55.45902114103678,57.14285714285714,52.50651984931905,54.4613710554951,54.31445209105347,56.24215021351417,57.52830643218503,56.37821268568735,56.677524429967434,58.35327908089994,58.638473439917476,55.36776957867176,52.78884462151394,50.509885535900096,53.38958393948211,54.32964051548724,53.80784395102718,53.19415448851775
93,St. Lucia,0.0,0.0,0.0,0.0,0.0,0.0,0.0,0.0,0.0,0.0,0.0,0.0,0.0,0.0,0.0,0.0,0.0,0.0,0.0,0.0,0.0,0.0,0.0,0.0,0.0,0.0,0.0,0.0,0.0,0.0,0.0,0.0,0.0,0.0,0.0
94,Sri Lanka,12.430939226519337,12.76595744680851,16.350710900473935,24.549549549549546,8.900523560209422,5.172413793103449,4.664723032069972,16.414141414141415,8.488063660477453,4.735376044568246,4.087193460490464,8.638743455497384,16.08961303462322,8.731808731808734,8.163265306122451,6.605504587155963,15.162907268170425,18.867924528301888,16.12121212121212,17.142857142857142,31.55893536121673,29.519230769230766,31.996353691886963,33.13807531380753,36.14947197400487,34.65272591486184,28.86247877758914,31.7092034029389,33.250825082508264,35.55363321799308,27.5,35.31015678254943,40.535491905354924,29.69432314410481,40.800477897252094
95,Luxembourg,15.353697749196145,14.245014245014243,11.14488348530902,10.400866738894909,11.980198019801982,12.100677637947724,13.486513486513488,13.375796178343947,14.387031408308005,15.051740357478833,16.10800744878957,16.47373107747106,16.040329972502292,15.789473684210524,13.468992248062015,11.070559610705596,8.795180722891565,5.769230769230768,2.247191011235955,2.416107382550336,2.8535980148883366,4.7180667433832,12.286324786324787,11.788617886178866,12.19946571682992,11.759581881533101,12.577502214348984,11.880261927034613,10.357815442561208,12.313803376365442,12.018779342723004,10.371075166508088,10.755813953488374,7.676560900716479,8.324324324324325
96,"Macao SAR, China",0.0,0.0,0.0,0.0,0.0,0.0,0.0,0.0,0.0,0.0,0.0,0.0,0.0,0.0,0.0,0.0,0.0,0.0,0.0,0.0,0.0,0.0,0.0,0.0,0.0,0.0,0.0,0.0,0.0,0.0,0.0,0.0,0.0,0.0,0.0
97,Morocco,28.801169590643283,34.41558441558442,35.699517574086826,37.27926749509484,38.89955214331413,37.24646588813768,40.35820895522389,43.414918414918404,42.984409799554555,38.53683668212262,40.30534351145039,38.10679611650485,38.047898779936745,40.499124343257435,40.81632653061225,44.84081319524357,38.715953307392994,39.575577066269545,38.56209150326797,37.82668500687758,38.05010155721057,41.06865486175831,42.18421842184219,43.92014519056261,43.923945990631026,43.32733350475701,42.284718765555,40.8203125,39.672514619883046,37.14887640449439,38.672470076169745,39.77317946677278,39.71014492753624,37.88389142064593,40.59499152701939
98,Madagascar,0.0,0.0,0.0,0.0,0.0,0.0,0.0,0.0,0.0,0.0,0.0,0.0,0.0,0.0,0.0,0.0,0.0,0.0,0.0,0.0,0.0,0.0,0.0,0.0,0.0,0.0,0.0,0.0,0.0,0.0,0.0,0.0,0.0,0.0,0.0
99,Maldives,0.0,0.0,0.0,0.0,0.0,0.0,0.0,0.0,0.0,0.0,0.0,0.0,0.0,0.0,0.0,0.0,0.0,0.0,0.0,0.0,0.0,0.0,0.0,0.0,0.0,0.0,0.0,0.0,0.0,0.0,0.0,0.0,0.0,0.0,0.0
100,Mexico,30.574431679296016,28.72699106980135,30.6252713851498,30.772668364838896,32.549510290374066,33.17156130744981,36.56227847045578,35.90216519647152,36.96676737160121,36.739445759218256,36.68003270136645,38.738411197964005,38.6873920552677,39.97898423817863,42.16789548570689,41.841779975278115,41.7684127609295,43.795484810008986,45.97115217517235,45.468894249382046,46.80774150492186,47.85008877052818,47.44021739130435,48.00031163974445,46.34907743458288,46.246377870309495,44.389256373437526,44.50852325365944,42.601332593003896,45.327886272935494,44.0506907181185,44.677298888449535,46.007779040293684,44.649751177166316,44.066183978464686
101,Mali,0.0,0.0,0.0,0.0,0.0,0.0,0.0,0.0,0.0,0.0,0.0,0.0,0.0,0.0,0.0,0.0,0.0,0.0,0.0,0.0,0.0,0.0,0.0,0.0,0.0,0.0,0.0,0.0,0.0,0.0,0.0,0.0,0.0,0.0,0.0
102,Malta,64.64646464646465,68.141592920354,70.54263565891473,62.886597938144334,70.67669172932331,82.75862068965517,72.19251336898395,72.44897959183673,74.76635514018692,76.72413793103449,76.62337662337663,72.85067873303169,70.96774193548387,75.08896797153024,72.11155378486058,66.38655462184875,70.25862068965517,64.77732793522267,68.35443037974683,70.12448132780082,74.64788732394369,79.51807228915663,83.6206896551724,81.99233716475096,78.46153846153847,86.02941176470587,84.16988416988418,85.45454545454547,76.74418604651162,75.30364372469636,72.37354085603114,73.92996108949417,74.81481481481481,69.19831223628691,68.37606837606839
103,Myanmar,18.343195266272183,20.558882235528944,22.718446601941746,23.895582329317268,26.642335766423354,31.937172774869108,33.003300330033,44.56762749445676,43.22429906542056,43.06220095693779,40.66496163682864,42.036553524804184,41.80929095354523,40.86021505376344,40.366972477064216,37.053571428571416,37.88732394366197,40.625,37.37113402061856,36.817653890824616,29.849137931034488,29.146341463414632,33.04668304668305,30.60428849902534,30.8,29.23368022705771,31.364562118126273,30.098039215686285,37.598944591029024,30.29871977240398,34.430379746835435,31.85185185185185,26.3986013986014,24.72077438570365,24.284253578732105
104,Mongolia,0.0,0.0,0.0,0.0,0.0,48.30220713073005,46.71875,47.71386430678466,48.160999306037475,48.026315789473685,51.555209953343706,56.16065350578625,62.558502340093604,61.064189189189186,64.5631067961165,64.39024390243902,67.70472895040369,64.89988221436984,73.47417840375587,71.56177156177156,73.38530066815143,71.65178571428571,73.1171548117155,70.11866235167207,69.95798319327731,69.72727272727272,61.3452188006483,62.22910216718265,61.89735614307932,61.402214022140214,63.03886925795052,59.910198845413724,58.75509016870273,59.7534833869239,63.82158590308371
105,Mozambique,23.931623931623932,26.108374384236456,27.41935483870968,28.488372093023248,31.292517006802722,30.66666666666667,31.292517006802722,31.972789115646247,32.432432432432435,32.87671232876712,10.185185185185183,14.444444444444445,8.333333333333332,4.6875,2.8037383177570088,2.608695652173913,2.7522935779816518,2.5,1.724137931034483,1.7391304347826086,3.787878787878788,3.8461538461538463,2.9197080291970803,1.8072289156626504,2.366863905325444,1.3245033112582782,1.2345679012345678,0.5076142131979696,1.0256410256410255,0.904977375565611,0.8403361344537816,4.964539007092198,2.2900763358778624,7.118644067796608,19.896640826873387
106,Mauritania,0.0,0.0,0.0,0.0,0.0,0.0,0.0,0.0,0.0,0.0,0.0,0.0,0.0,0.0,0.0,0.0,0.0,0.0,0.0,0.0,0.0,0.0,0.0,0.0,0.0,0.0,0.0,0.0,0.0,0.0,0.0,0.0,0.0,0.0,0.0
107,Mauritius,29.824561403508767,32.75862068965517,30.188679245283016,34.42622950819672,32.30769230769231,32.786885245901644,30.26315789473684,27.160493827160497,33.33333333333333,33.66336633663366,37.93103448275862,38.4,37.12121212121213,36.05442176870749,39.735099337748345,40.645161290322584,42.85714285714286,43.20987654320989,46.927374301675975,46.36363636363636,47.73662551440329,49.609375,49.42528735632185,50.18181818181818,50.54151624548736,53.04054054054054,56.06060606060606,58.70206489675517,58.501440922190206,59.06432748538012,60.38251366120218,60.43956043956045,60.58981233243969,61.35770234986945,61.36363636363635
108,Malawi,0.0,0.0,0.0,0.0,0.0,0.0,0.0,0.0,0.0,0.0,0.0,0.0,0.0,0.0,0.0,0.0,0.0,0.0,0.0,0.0,0.0,0.0,0.0,0.0,0.0,0.0,0.0,0.0,0.0,0.0,0.0,0.0,0.0,0.0,0.0
109,Malaysia,34.233853946813,32.26824457593688,34.67620481927711,35.00848896434635,35.842771485676224,38.78419452887539,36.83884936591401,35.2801660243107,36.203028603477286,35.51625239005736,38.27384553337366,44.15151009511096,41.494435612082675,44.00649542367878,43.07249554611486,43.63453562900591,42.09483991638245,43.19934203762722,45.93100624424199,45.758088788562844,45.80544205859341,45.54439000083049,45.60765398908831,46.01536607411872,46.41053637232156,48.37943649316475,49.21184397601533,48.472081788563074,51.111578283491866,54.12617070153737,56.09756097560975,57.703959051499005,56.41357864731796,54.424990432453114,54.03591510974061
110,New Caledonia,0.0,0.0,0.0,0.0,0.0,0.0,0.0,0.0,0.0,0.0,0.0,0.0,0.0,0.0,0.0,0.0,0.0,0.0,0.0,0.0,0.0,0.0,0.0,0.0,0.0,0.0,0.0,0.0,0.0,0.0,0.0,0.0,0.0,0.0,0.0
111,Niger,0.0,0.0,0.0,0.0,0.0,0.0,0.0,0.0,0.0,0.0,0.0,0.0,0.0,0.0,0.0,0.0,0.0,0.0,0.0,0.0,33.84615384615384,31.25,34.328358208955216,32.87671232876712,33.76623376623377,34.246575342465746,30.136986301369863,25.0,26.190476190476193,22.429906542056074,24.264705882352942,27.53623188405797,22.994652406417114,21.34831460674157,23.469387755102037
112,Nigeria,19.921104536489157,22.202612072008478,23.242736644798498,24.243341404358354,24.868766404199476,27.816236626809317,28.59029382634533,29.35514918190568,27.359068627450977,27.217863608931804,29.401282965074838,29.44934590812291,28.88159555667761,32.245575221238944,34.47031813709413,33.1400671345743,31.85937929140346,29.224075416968823,30.220217564340683,31.75247273649505,31.32998171846436,28.455778182554134,29.318448883666267,24.403330249768732,28.510951592122222,29.9645390070922,32.95275590551181,35.813366960907935,32.714177407126606,34.974920200638394,34.10435718128026,36.225917997694715,37.34197218710493,36.82252062773013,39.0625
113,Nicaragua,26.51933701657459,27.51322751322752,29.946524064171122,27.55102040816327,23.463687150837988,24.861878453038674,28.16901408450705,27.777777777777782,30.729166666666675,32.163742690058484,30.978260869565226,32.967032967032964,36.320754716981135,35.406698564593306,35.14644351464435,37.84860557768924,37.96992481203007,38.111888111888106,44.047619047619065,40.117994100294986,41.80790960451977,43.66576819407008,41.25326370757181,40.506329113924046,40.73170731707318,38.95781637717122,39.85849056603774,41.055045871559635,40.095465393794754,43.405275779376495,41.822429906542055,42.50559284116331,38.60045146726864,35.44600938967136,34.36123348017621
114,Netherlands,34.1221794166208,34.743750872783124,35.411878104841705,32.829870428582375,33.68327665237321,33.06830502349115,35.23796054027297,35.521607486925404,39.27699071812408,40.161246242142646,40.8560579910252,38.793216774023925,40.61071736106511,40.37143772014089,41.92371688211953,40.182229560325325,38.54774420888453,41.07498341074982,42.43409172986638,40.6393830078368,41.40813672673231,42.024632021628115,42.48620772367475,42.46333274430111,42.94460641399417,42.57828872522604,40.58140249523692,43.119266055045884,42.30324426319313,42.6216148445336,41.727465285949634,42.773981270564406,41.50217892847989,41.58104289750835,45.8473776459485
115,Norway,12.118986412045539,12.843676355066775,14.26809210526316,16.80327868852459,15.848303393213573,17.114729269216213,22.65230562100303,19.151251360174104,21.38478182473855,22.48062015503876,26.620538965768386,26.85934489402697,35.66724436741767,37.287024901703795,37.496107131734675,33.9171974522293,30.747836835599514,35.79595426561126,37.00699300699301,38.43052942757323,31.15782867900847,32.3905109489051,32.98461538461538,33.08613804905875,33.052276559865106,34.00985792983473,34.18899858956276,34.58229253399944,34.617563739376784,37.95906924586488,36.77488025545503,36.94390715667312,36.533032185206096,34.814814814814824,36.47691871990937
116,Nepal,1.9230769230769231,2.272727272727273,1.96078431372549,1.3698630136986305,1.2658227848101269,3.636363636363636,1.351351351351351,1.3333333333333337,2.702702702702702,0.0,0.0,2.6548672566371683,3.508771929824562,3.8461538461538463,4.320987654320988,1.7045454545454544,1.6393442622950818,4.285714285714286,4.09090909090909,1.6611295681063123,0.6451612903225806,0.2985074626865672,0.0,0.0,0.3703703703703704,0.3257328990228013,0.4,0.3875968992248062,0.3472222222222223,0.2915451895043732,0.0,0.0,0.2012072434607646,0.205761316872428,1.8549747048903882
117,Nauru,0.0,0.0,0.0,0.0,0.0,0.0,0.0,0.0,0.0,0.0,0.0,0.0,0.0,0.0,0.0,0.0,0.0,0.0,0.0,0.0,0.0,0.0,0.0,0.0,0.0,0.0,0.0,0.0,0.0,0.0,0.0,0.0,0.0,0.0,0.0
118,New Zealand,12.9933211900425,15.13846153846154,21.794871794871803,23.809523809523807,22.993492407809104,25.13227513227513,20.469798657718126,23.20961840041819,21.411073003429692,20.944958597174864,20.791168353265867,22.34814143245693,25.588235294117645,22.801024765157987,19.64586846543002,18.136230672795648,21.130713712910982,27.262693156732894,26.020217147135895,28.85094272500889,27.26958923023818,30.73468078280397,27.7992277992278,30.876554443433427,30.342275670675306,34.985163204747785,34.77488151658768,31.24808340999693,33.00448430493274,29.3827971109652,27.973640856672148,27.01517706576729,29.862223646267218,26.679586563307492,23.719590268886048
119,Oman,40.888888888888886,47.80876494023904,50.0,55.01285347043702,46.787148594377506,43.51687388987567,56.661316211878,57.686212361331215,54.29864253393665,54.09356725146199,56.496062992125985,41.70212765957447,45.3183520599251,51.669316375198726,56.8,57.65827093260722,59.27662424648359,62.88384512683579,64.96398166339227,61.61327231121282,65.06614404703576,62.711864406779654,60.762059181191724,60.526315789473685,65.35714285714286,61.92214111922141,50.53962380511872,45.69936795823028,48.441449031171025,48.5974025974026,45.34938621340888,41.76410256410257,39.37051352843733,38.54461756373938,38.53088480801336
120,Pakistan,18.510900863842046,19.763899466869766,19.506342132327735,21.391247550620516,20.508166969147005,21.54014798574952,21.486100285788517,25.298804780876488,26.061224489795922,28.27884254039835,28.60972122944961,30.946963066690007,31.8374391966107,31.959056013647995,32.126696832579185,33.602625599596074,32.861257801248215,34.03985715931344,32.20684962576548,34.144825442867514,35.889954147561475,36.48453608247423,35.46634470268638,30.918157817541804,31.256544502617803,32.04282655246253,33.639458475180106,31.45676146256529,32.72754808420415,33.5327572198833,31.760048721071858,30.54592067561454,31.200178797586236,33.29880124315525,33.68260205195372
121,Panama,39.86254295532646,32.53968253968254,41.55405405405405,48.67256637168142,36.654804270462634,29.21348314606741,25.818181818181817,30.491803278688533,24.267782426778243,24.89959839357429,21.484375,27.09030100334448,33.994334277620396,29.5774647887324,29.177718832891248,30.80684596577018,25.90799031476998,29.723502304147466,37.407407407407405,25.15991471215352,26.22950819672132,37.64906303236797,31.176470588235286,38.653846153846146,29.300567107750478,23.929098966026586,26.29370629370629,30.0,27.10566615620214,30.337078651685395,30.882352941176467,32.526315789473685,28.688524590163933,29.48328267477204,30.87818696883853
122,Peru,22.16772927905836,20.668549905838045,21.652421652421648,21.2718064153067,23.61484669176977,21.10803324099723,21.221532091097306,19.53087601723313,19.943555973659453,20.67357512953368,20.79414838035528,19.05018888289261,20.826873385012924,20.47952047952048,18.597857838364167,19.2274678111588,21.19205298013245,21.456692913385826,19.786972552232687,18.39851024208566,18.11292156119742,17.755856966707768,19.1614420062696,19.58182549256132,23.92211404728791,25.89098532494759,24.80371163454675,25.46101585247493,28.26704545454545,29.609976120987007,34.996349476758326,36.092265943012215,34.56818181818182,29.393398751115075,34.42142707679431
123,Philippines,33.15331533153315,33.03825482137212,33.39587242026266,34.773662551440324,33.42345386955052,36.35087719298246,30.18223234624146,36.761554943373135,34.891774891774894,35.546448087431685,27.99684542586751,32.145727297080086,31.56089193825043,29.46124119117981,32.023658639628216,30.817610062893078,32.072738976504674,32.35294117647059,34.10171445036738,31.64877757901014,37.45411833798267,37.2236958443855,36.91455932964238,38.965367338066955,39.28520777194724,42.99104644655848,40.470013734167544,42.0,44.477234401349065,43.86284114765571,45.169238749837895,46.12811937226653,47.92884687150143,49.737811000780994,50.16194754989031
124,Palau,0.0,0.0,0.0,0.0,0.0,0.0,0.0,0.0,0.0,0.0,0.0,0.0,0.0,0.0,0.0,0.0,0.0,0.0,0.0,0.0,0.0,0.0,0.0,0.0,0.0,0.0,0.0,0.0,0.0,0.0,0.0,0.0,0.0,0.0,0.0
125,Papua New Guinea,0.0,0.0,0.0,0.0,0.0,0.0,0.0,0.0,0.0,0.0,0.0,0.0,0.0,0.0,0.0,0.0,0.0,0.0,0.0,0.0,0.0,0.0,0.0,0.0,0.0,0.0,0.0,0.0,0.0,0.0,0.0,0.0,0.0,0.0,0.0
126,Poland,57.62361481695152,57.31836914543428,57.28977925226489,59.67017632880884,60.25772441060185,60.07243632231796,58.531630198724976,58.3530525319451,57.6231629540623,59.403714092271976,66.39793521445351,64.40555603684773,63.46956290136426,59.41289275704381,60.18187820762928,55.757175849554606,55.17784523741336,55.258018700437916,57.77030273906777,57.72773797338792,59.4869847407305,60.27155276921479,59.43326140021932,60.12960436562074,58.841165571837614,58.517743894211314,58.095485210171255,57.3236771710054,56.539175394405405,55.95527967351418,54.92879901163925,55.92309214431766,55.40645335311375,56.40235551903589,55.608514908256865
127,Portugal,27.422072451558556,31.52392440691596,29.771293375394322,33.410049865746075,31.00279664402717,28.595317725752505,37.44493392070485,34.63063063063063,32.235701906412466,45.24643145704282,43.532206969376965,43.25145606482653,46.48177859271143,44.540972059168816,43.11363636363636,46.35747564591275,39.0163211292457,39.801520270270274,40.71085494716618,45.45143052938154,41.58022130013831,41.323172843782466,43.90402075226978,40.72056239015818,41.66236448115643,45.57601433925371,43.36345915293285,40.589527645551094,41.32904202953427,42.838296268375416,36.71924290220821,40.688775510204074,44.30573806395095,42.968214040704325,41.1118897453866
128,Paraguay,8.888888888888888,6.870229007633586,4.580152671755725,4.8,4.285714285714286,3.5211267605633805,4.081632653061225,4.3478260869565215,4.891304347826086,1.0928961748633879,1.5544041450777202,1.5957446808510638,1.7777777777777777,1.1494252873563218,0.0,3.151862464183381,0.5797101449275363,0.5221932114882507,0.4975124378109453,0.4962779156327544,0.0,0.0,0.0,0.0,0.0,0.0,0.0,0.0,0.0,0.0,0.0,0.0,0.0,0.0,0.0
129,Pacific island small states,0.0,0.0,0.0,0.0,0.0,0.0,0.0,0.0,0.0,0.0,0.0,0.0,0.0,0.0,0.0,0.0,0.0,0.0,0.0,0.0,0.0,0.0,0.0,0.0,0.0,0.0,0.0,0.0,0.0,0.0,0.0,0.0,0.0,0.0,0.0
130,French Polynesia,0.0,0.0,0.0,0.0,0.0,0.0,0.0,0.0,0.0,0.0,0.0,0.0,0.0,0.0,0.0,0.0,0.0,0.0,0.0,0.0,0.0,0.0,0.0,0.0,0.0,0.0,0.0,0.0,0.0,0.0,0.0,0.0,0.0,0.0,0.0
131,Qatar,54.15472779369627,48.466981132075475,49.5114006514658,49.79079497907949,50.140845070422536,51.68539325842696,52.06321334503951,53.912295786758385,61.96013289036546,62.19797349961029,62.18825422365246,65.04005826656957,64.63667820069205,65.16044531761624,65.54517133956385,65.59714795008912,65.85365853658537,66.66666666666666,67.48285994123407,70.9977827050998,65.08235294117647,65.73208722741433,60.30131826741996,64.38061041292639,61.1795204147764,62.56024096385542,64.44733420026007,62.85582041194169,60.26191498497211,60.03577106518283,63.52014010507882,70.18019454632434,66.07848673066064,65.87443330127765,63.53562685220978
132,Romania,23.02357054246081,31.76628609805239,31.731368659676967,33.514269725797426,34.61406518010291,37.74804140218448,40.083333333333336,37.98379837983798,39.28479281696682,43.91130306541661,47.19268017348938,48.85785893304689,68.87812752219531,71.50195907705705,62.023851904592384,59.267131440231246,59.24394077260319,57.366657611156384,57.02736318407959,57.680704718233365,57.38636363636365,56.16243432574432,54.71843378794544,55.896907216494846,52.81569965870308,52.48219296352256,53.04238355014689,53.16825259515571,52.745205479452046,52.471924615980384,51.845906902086675,54.06674907292953,50.65513293474112,46.21739130434783,45.583920187793424
133,Rwanda,0.0,0.0,0.0,0.0,0.0,0.0,0.0,0.0,0.0,0.0,0.0,0.0,0.0,0.0,0.0,0.0,0.0,0.0,0.0,0.0,0.0,0.0,0.0,0.0,0.0,0.0,0.0,0.0,0.0,0.0,0.0,0.0,0.0,0.0,0.0
134,South Asia,29.624642316108407,30.71857208801355,32.033202171353075,33.84806435937584,33.0120422221121,36.372426479258536,37.985789177245344,40.49517582329958,40.357594160804204,41.298509820441254,41.944052461193664,43.68507550621725,45.04511156066802,47.26366758628456,46.71175497572168,49.225872512614266,49.84359565360555,49.16292090968914,50.05155996314009,51.14013793383645,52.73859896567936,53.31520642576456,52.47272422869793,53.1366892070224,53.795437896279076,52.75398878480648,52.916698077647936,52.69370564025754,51.42037302725967,50.490781736828545,49.69168354734122,49.894348018160436,51.59734840165325,50.794849452996424,52.12931080623005
135,Saudi Arabia,38.094759078563534,38.18503762726871,39.299672968014676,37.447155677519845,46.38410370117686,50.22924095771778,53.570825595137606,54.22140278097875,54.00795084929527,55.242373741033276,46.98173153296268,47.45978253958161,47.573555269018875,49.256042922728035,47.1938643312432,49.347667258115024,47.958130620669316,50.082652664332954,49.99772902756961,49.741276369908455,50.05328899688792,50.33159838817999,49.10287549949072,49.472340105907534,49.76244504325627,50.48664250234931,49.75834728496067,47.37916541579104,47.270430579964845,48.09699525566685,47.139107611548546,47.9381443298969,47.986359908490535,48.225203804347814,49.158096290886114
136,Sudan,6.8119891008174385,6.983240223463688,7.336956521739131,7.7333333333333325,9.00900900900901,12.311557788944723,11.989795918367347,16.333333333333332,12.785388127853885,11.139240506329115,9.640831758034027,12.262156448202958,11.512415349887133,28.802588996763763,14.596949891067538,20.649651972157773,24.87804878048781,22.09072978303748,20.129870129870127,22.200392927308453,26.82481751824817,25.24916943521595,28.82037533512064,30.89005235602094,29.67818831942789,27.890466531440158,27.94476035743298,26.490566037735853,27.12691771269177,22.389078498293514,11.02204408817635,15.691868758915836,15.457875457875454,15.74279379157428,16.49175412293853
137,Senegal,33.823529411764696,34.5,32.64248704663213,35.6020942408377,34.803921568627445,38.20754716981132,38.72549019607843,41.06280193236715,44.670050761421315,43.269230769230774,40.84507042253522,39.43661971830986,40.948275862068975,42.477876106194685,43.347639484978544,41.532258064516135,40.769230769230774,40.41811846689895,38.24451410658307,36.61971830985916,42.61363636363637,43.08093994778068,39.285714285714285,36.745406824146976,35.58558558558558,41.991341991342004,41.89189189189189,34.73895582329317,34.2911877394636,39.29236499068901,38.64468864468864,34.542314335060446,37.742504409171076,37.33333333333333,37.10191082802547
138,Singapore,68.45849802371542,68.73614190687364,69.07142857142857,70.2183984116479,69.53473550031867,65.72289156626505,67.41973840665875,68.25304701102728,73.19796954314722,71.63187855787477,79.90331491712706,78.36506894287591,81.0828025477707,83.51313969571233,83.06111696522656,82.06015437849348,84.03012204622176,83.54297693920337,83.69330453563715,83.91534391534394,78.37132003798672,77.64034253092294,76.58595641646491,73.04165575058947,72.64008076728925,70.15319598520867,69.43573667711597,68.77219685438864,67.80177890724269,60.15373171336474,60.117434507678404,59.97004706889172,59.856396866840726,58.326124567474054,58.649602824360116
139,Solomon Islands,0.0,0.0,0.0,0.0,0.0,0.0,0.0,0.0,0.0,0.0,0.0,0.0,0.0,0.0,0.0,0.0,0.0,0.0,0.0,0.0,0.0,0.0,0.0,0.0,0.0,0.0,0.0,0.0,0.0,0.0,0.0,0.0,0.0,0.0,0.0
140,Sierra Leone,0.0,0.0,0.0,0.0,0.0,0.0,0.0,0.0,0.0,0.0,0.0,0.0,0.0,0.0,0.0,0.0,0.0,0.0,0.0,0.0,0.0,0.0,0.0,0.0,0.0,0.0,0.0,0.0,0.0,0.0,0.0,0.0,0.0,0.0,0.0
141,El Salvador,6.875,9.333333333333334,9.459459459459461,8.724832214765101,8.552631578947368,11.585365853658535,9.25925925925926,19.0,14.832535885167465,9.803921568627453,8.056872037914692,24.18772563176896,20.189274447949533,23.38028169014085,29.3398533007335,29.75929978118162,23.115577889447238,28.542094455852162,27.63915547024952,21.124031007751935,22.43713733075436,25.58983666061706,27.305605786618447,26.05752961082911,24.620573355817875,24.32,27.914110429447852,27.312138728323703,27.19869706840392,26.92939244663383,23.53951890034364,24.459234608985025,25.083056478405318,28.446771378708547,28.061224489795915
142,Somalia,0.0,0.0,0.0,0.0,0.0,0.0,0.0,0.0,0.0,0.0,0.0,0.0,0.0,0.0,0.0,0.0,0.0,0.0,0.0,0.0,0.0,0.0,0.0,0.0,0.0,0.0,0.0,0.0,0.0,0.0,0.0,0.0,0.0,0.0,0.0
143,Sub-Saharan Africa,39.88433038134828,41.32945005996231,44.148459576814396,46.205003694711294,47.71010547805376,47.90926301105982,48.79946344735078,50.76027073823389,48.5757074662257,49.71396936704189,50.767364270549,51.58855271933548,52.31557807020174,54.95924317248765,55.90516088777966,55.60605630201973,55.479079384079654,55.22879177377892,56.30489651691064,55.70304818092429,56.60187076116279,59.2824278688153,58.42270324802072,57.925035980226525,58.277704911614435,56.81150395983731,56.58382932673727,57.118413955996935,58.00214265966272,53.64735607291102,57.25273590749536,55.78606939498717,54.932480337680744,53.87940589669695,54.768659806462495
144,Sao Tome and Principe,0.0,0.0,0.0,0.0,0.0,0.0,0.0,0.0,0.0,0.0,0.0,0.0,0.0,0.0,0.0,0.0,0.0,0.0,0.0,0.0,0.0,0.0,0.0,0.0,0.0,0.0,0.0,0.0,0.0,0.0,0.0,0.0,0.0,0.0,0.0
145,Suriname,0.0,0.0,0.0,0.0,0.0,0.0,0.0,0.0,0.0,0.0,0.0,0.0,0.0,0.0,0.0,0.0,0.0,0.0,0.0,0.0,18.493150684931507,21.476510067114095,25.925925925925927,30.0,34.55882352941176,42.42424242424242,34.0,29.71014492753624,28.873239436619727,30.28169014084507,32.35294117647059,43.575418994413404,37.3134328358209,46.19289340101521,41.708542713567844
146,Sweden,14.516349705842115,11.893607374943327,13.529606351306649,14.48589626933576,18.363569048500555,23.29964022614357,22.627005347593585,22.651267022927083,19.88125224901044,18.49535721053629,18.766807529773335,22.494348153730222,20.920201294033067,21.44404332129964,21.65271966527197,20.55516514406184,25.913461538461537,21.222893707785285,22.496067121132675,20.762787381928355,18.722339811429674,20.48875855327468,22.036791200455152,23.934790663208595,23.65653088544655,22.754125076390306,24.39390688693413,21.92572826328664,23.591057289240798,25.472856791943013,28.019113814074718,24.328147100424328,24.504321301474324,24.58842272968667,24.23837520042758
147,Swaziland,0.0,0.0,0.0,0.0,0.0,0.0,0.0,0.0,0.0,0.0,0.0,0.0,0.0,0.0,0.0,0.0,0.0,0.0,0.0,0.0,0.0,0.0,0.0,0.0,0.0,0.0,0.0,0.0,0.0,0.0,0.0,0.0,0.0,0.0,0.0
148,Seychelles,0.0,0.0,0.0,0.0,0.0,0.0,0.0,0.0,0.0,0.0,0.0,0.0,0.0,0.0,0.0,0.0,0.0,0.0,0.0,0.0,0.0,0.0,0.0,0.0,0.0,0.0,0.0,0.0,0.0,0.0,0.0,0.0,0.0,0.0,0.0
149,Syrian Arab Republic,20.86038961038961,25.613275613275608,26.94394213381555,27.82608695652173,29.310344827586214,26.77931387608807,24.70195517405818,22.992854140395128,25.378632828489557,28.295549958018473,29.20646583394563,26.96440564137005,29.773691654879777,30.71479122434536,35.59033684926846,36.92159383033419,36.955886649138186,39.2060272384816,39.179104477611936,43.05251641137856,43.98811132126453,43.91874517870918,47.23618090452262,50.79960019990006,47.71657250470811,43.498596819457426,43.74448561849303,44.436986071488505,45.745027714378864,52.135545358277454,52.27882037533512,51.49181905678538,52.9718456725756,48.32887700534759,44.46862531737396
150,Chad,0.0,0.0,0.0,0.0,0.0,0.0,0.0,0.0,0.0,0.0,0.0,0.0,0.0,0.0,0.0,0.0,0.0,0.0,0.0,0.0,0.0,0.0,0.0,0.0,0.0,0.0,0.0,0.0,0.0,0.0,0.0,0.0,0.0,0.0,0.0
151,Togo,2.702702702702702,5.555555555555557,4.651162790697675,13.333333333333336,35.29411764705882,13.333333333333336,6.25,7.6923076923076925,7.84313725490196,7.84313725490196,12.06896551724138,19.23076923076923,10.810810810810812,28.0,18.644067796610173,10.3448275862069,5.319148936170214,9.09090909090909,16.867469879518072,7.339449541284402,10.526315789473683,23.07692307692308,5.882352941176472,3.669724770642201,7.766990291262134,7.291666666666666,11.235955056179774,8.98876404494382,1.818181818181818,1.754385964912281,3.3653846153846154,1.0582010582010584,1.2345679012345678,1.1976047904191618,1.162790697674419
152,Thailand,34.77616365253484,32.56528417818741,30.59125964010283,31.30962705984388,30.69228744406423,34.78364241559676,33.65606270170585,35.1,35.30029767116092,33.66576004835298,38.026950179255785,41.23528104865586,41.25076390303524,39.60780769925899,39.148385007690436,37.79206859592712,38.54769935722013,40.4522300906945,42.76910435497124,41.007052000263634,42.208943463129565,42.225,41.13688684257127,41.10439839647676,41.24142201124813,42.28271728271729,42.82243268706303,45.865164247517185,46.135613700794714,42.77509652509652,43.892395147934295,44.06619172152584,44.434214931369276,46.389169529197815,46.599868593955314
153,Tonga,0.0,0.0,0.0,0.0,0.0,0.0,0.0,0.0,0.0,0.0,0.0,0.0,0.0,0.0,0.0,0.0,0.0,0.0,0.0,0.0,0.0,0.0,0.0,0.0,0.0,0.0,0.0,0.0,0.0,0.0,0.0,0.0,0.0,0.0,0.0
154,Trinidad and Tobago,70.32967032967035,72.3611111111111,66.09686609686611,64.00602409638553,63.555555555555564,65.26315789473685,63.10395314787703,63.92757660167131,59.585492227979266,59.28853754940712,59.620253164556964,64.14852752880921,64.99388004895962,66.32782719186785,64.76426799007443,63.112745098039206,62.54416961130742,62.019758507135016,62.86919831223629,61.919831223628684,58.51485148514853,58.62361937128293,60.719754977029105,68.32135858915743,68.76190476190476,66.81870011402509,71.39917695473251,61.38568129330254,61.03111936832328,62.964799206742676,64.86123545210387,68.12050359712232,64.7459165154265,64.83660130718954,62.12839293408013
155,Tunisia,34.343434343434346,33.906633906633914,34.42622950819672,35.526315789473685,34.148936170212764,32.401656314699785,33.36693548387097,36.10832497492478,36.944444444444436,34.133790737564325,32.813781788351115,35.03591380686353,34.939759036144586,34.306569343065696,34.51776649746193,33.713471133285815,33.852403520649965,34.954604409857325,35.798632691112495,36.76731793960924,35.84798638684062,37.189189189189186,37.3110151187905,31.314784506273874,30.987394957983195,31.63841807909605,32.986111111111114,34.239389604196475,34.489311163895486,36.06247042120209,36.23872906826964,37.410071942446045,38.68768640818065,39.06976744186047,38.78448620551779
156,Turkey,23.165105550118827,25.091369131290413,24.400618716163958,25.417216952815465,27.034419876909052,30.726491246461894,34.417029511369144,29.225630658345786,24.687385068039717,31.05590062111801,30.740187209942576,31.56064002473525,33.1049378118716,32.043487590301126,36.35706541380557,34.007377157159794,34.165923282783226,35.75035460992908,38.151498021481046,40.60201425823243,37.22917908964421,41.96746453415129,37.09702538545399,35.59773231451812,35.565964844504535,37.55492853508488,37.67535070140281,40.08739217237353,43.19365798414496,43.705925897066265,42.599291581882596,43.27750272130341,41.74183103710312,42.70774647887324,46.69011103513399
157,Tanzania,16.10738255033557,17.006802721088437,20.0,20.437956204379567,19.42446043165468,19.17808219178082,18.18181818181818,18.18181818181818,17.721518987341767,17.5,17.365269461077844,17.682926829268293,17.682926829268293,20.710059171597635,24.719101123595504,24.09638554216867,15.884476534296025,18.2509505703422,4.6218487394958,8.256880733944955,12.643678160919542,5.434782608695654,3.809523809523809,3.343465045592705,27.352297592997807,26.93069306930693,29.499072356215216,26.538461538461537,23.120300751879697,23.529411764705877,23.98042414355628,24.489795918367342,25.075528700906354,27.72373540856031,23.33654773384764
158,Uganda,0.0,0.0,0.0,0.0,0.0,0.0,0.0,0.0,0.0,0.0,0.0,0.0,0.0,0.0,0.0,0.0,0.0,0.0,0.0,0.0,0.0,0.0,0.0,0.0,0.0,0.0,0.0,0.0,0.0,0.0,0.0,0.0,0.0,0.0,0.0
159,Uruguay,22.846441947565545,19.832985386221296,23.766816143497763,9.497206703910617,8.41121495327103,8.970099667774088,7.094594594594594,12.650602409638553,30.44496487119439,34.41558441558442,14.444444444444445,21.791767554479414,24.168514412416854,14.858490566037734,3.3078880407124682,12.756264236902053,18.128654970760234,13.294797687861273,11.214953271028037,25.3125,13.948919449901767,6.828193832599119,6.265060240963853,6.87960687960688,24.23076923076923,22.524271844660195,33.223684210526315,22.44165170556553,40.82998661311914,38.926174496644286,20.13422818791946,31.71745152354571,39.60880195599022,25.879043600562586,15.47049441786284
160,United States,39.08198819133262,39.78151864834518,40.130543468197395,41.18638896845969,40.89968561171933,41.534013492406366,41.55821531548232,42.042501014601626,41.97049157979315,43.39039734086484,44.970587929077865,45.744415181054116,47.069938599574115,47.15906681448365,46.990297446759385,47.76570119727666,47.876392505994524,48.93302004617775,49.31190881591439,48.629733963915605,48.1109906001446,48.460520165419595,48.24281727286685,48.2556802481571,48.20176518161679,48.942087975490466,48.60541339531496,49.054848343082675,49.33631128415966,48.610023301372884,48.797187234082344,48.22743078210274,46.95234782608696,46.6308196669913,45.99040610794383
161,St. Vincent and the Grenadines,0.0,0.0,0.0,0.0,0.0,0.0,0.0,0.0,0.0,0.0,0.0,0.0,0.0,0.0,0.0,0.0,0.0,0.0,0.0,0.0,0.0,0.0,0.0,0.0,0.0,0.0,0.0,0.0,0.0,0.0,0.0,0.0,0.0,0.0,0.0
162,"Venezuela, RB",40.49190161967607,41.12636062470421,40.489576013117826,41.901284014607135,41.24911785462243,38.21663533834586,39.69600565570872,35.32213885911635,36.777005536576745,40.01965494649487,38.95895681915349,35.665547492689264,38.78133925737861,37.272908764224404,37.54713236753325,36.91901574431978,37.787129580922326,41.73261491833642,41.95704855017966,38.227222832052696,41.52177655362368,41.586246046549356,39.87285027304589,40.01307616868257,37.60482796457402,37.18369430467439,41.181326928850204,44.069364161849705,41.535951813276455,41.860899912750824,35.14317373301453,34.527428949107716,34.89185185185185,36.79148499615286,35.54422865991354
163,British Virgin Islands,0.0,0.0,0.0,0.0,0.0,0.0,0.0,0.0,0.0,0.0,0.0,0.0,0.0,0.0,0.0,0.0,0.0,0.0,0.0,0.0,0.0,0.0,0.0,0.0,0.0,0.0,0.0,0.0,0.0,0.0,0.0,0.0,0.0,0.0,0.0
164,Vietnam,24.899328859060397,25.589005235602095,25.060827250608266,27.27272727272727,29.706390328151983,30.40734366035571,30.66457352171638,30.72289156626507,38.708133971291865,31.895573212258785,28.07825086306099,21.252927400468387,17.194570135746606,13.169114163903362,15.890645023494233,16.357012750455375,18.225963094852702,22.313822478702942,26.06316836607809,23.913583312639684,25.983717774762553,25.35355605656897,27.25205527374497,26.202321724709787,27.94117647058824,30.699203439119987,32.76010318142734,32.19734937075398,29.895988112927192,28.987455197132622,32.90506780870807,32.05669241181623,33.229116562449896,34.18704814643901,34.89637848021771
165,Vanuatu,0.0,0.0,0.0,0.0,0.0,0.0,0.0,0.0,0.0,0.0,0.0,0.0,0.0,0.0,0.0,0.0,0.0,0.0,0.0,0.0,0.0,0.0,0.0,0.0,0.0,0.0,0.0,0.0,0.0,0.0,0.0,0.0,0.0,0.0,0.0
166,Samoa,0.0,0.0,0.0,0.0,0.0,0.0,0.0,0.0,0.0,0.0,0.0,0.0,0.0,0.0,0.0,0.0,0.0,0.0,0.0,0.0,0.0,0.0,0.0,0.0,0.0,0.0,0.0,0.0,0.0,0.0,0.0,0.0,0.0,0.0,0.0
167,"Yemen, Rep.",19.827586206896544,20.857142857142858,23.809523809523807,23.303167420814482,24.557522123893804,23.868312757201647,23.151750972762645,24.290780141843967,24.95894909688013,23.974763406940063,25.396825396825403,25.921375921375912,26.02272727272727,27.85622593068036,28.95705521472393,28.31389183457052,28.852119958634955,29.633204633204638,29.484902309058608,32.14285714285714,32.68365817091455,32.04686423156444,30.83791208791209,27.969121140142523,28.58744394618834,28.73074880509825,30.17469560614081,32.65,31.858823529411758,33.16283034953111,36.16450603486813,35.015608740894905,38.28932261768081,31.993299832495808,31.490159325210872
168,South Africa,47.638928879930894,49.34603290343161,53.080590658704814,56.02942590633716,56.75319960061723,56.986498003857704,57.871952608794714,59.23906096885517,57.23954763536669,58.848118903855074,59.810515954392606,60.905815317580036,62.74109949868298,64.87109793262499,65.04795679858145,65.24735322425407,65.81719712144819,65.9601436518555,66.58218310100351,67.23911616714065,68.42536807956935,71.8298732897273,70.54341839544705,70.54702081837759,69.60551900487441,67.4259313975664,67.43501978821264,67.83926016758633,69.32019564755086,63.987782284312246,70.38402910950484,69.1040425801546,68.07623439377957,66.47217235188509,67.48062281363605
169,Zambia,7.317073170731707,8.108108108108109,8.098591549295776,8.088235294117647,7.299270072992701,7.4074074074074066,7.553956834532374,6.642066420664206,6.622516556291392,5.787781350482316,6.25,6.227106227106228,5.904059040590407,6.751054852320676,6.896551724137932,6.0,6.172839506172839,7.042253521126763,7.389162561576357,6.097560975609758,4.8484848484848495,5.1428571428571415,5.464480874316941,5.154639175257731,5.128205128205129,4.716981132075472,3.571428571428572,3.0075187969924815,3.9735099337748343,3.1847133757961785,4.2682926829268295,3.0303030303030303,2.573529411764706,2.456140350877193,9.717868338557995
170,Zimbabwe,13.927227101631116,11.320754716981131,11.340206185567009,10.861423220973782,22.53012048192771,28.776978417266182,35.13266239707228,48.54166666666666,47.68353528153956,48.854961832061065,43.01538461538462,48.60646599777035,48.72928176795581,48.3503299340132,54.83247422680413,49.37044400265078,46.228373702422154,44.5440956651719,45.52129221732746,38.61129136924075,40.331075996990215,50.994841562269706,51.87908496732027,46.75324675324675,59.87460815047021,58.81207400194742,40.7949790794979,35.343035343035346,36.375838926174495,38.44011142061281,52.97941495124593,54.290876242095756,49.12587412587413,57.6530612244898,59.44299390774586
