Country Name,1980,1981,1982,1983,1984,1985,1986,1987,1988,1989,1990,1991,1992,1993,1994,1995,1996,1997,1998,1999,2000,2001,2002,2003,2004,2005,2006,2007,2008,2009,2010,2011,2012,2013,2014
Afghanistan,1760.16,1983.847,2101.191,2522.896,2830.924,3509.319,3142.619,3124.284,2867.594,2775.919,2614.571,2438.555,1393.46,1345.789,1294.451,1243.113,1177.107,1096.433,1041.428,821.408,773.737,817.741,1070.764,1195.442,949.753,1327.454,1650.15,2273.54,4206.049,6769.282,8463.436,12240.446,10755.311,10014.577,9809.225
Angola,5346.486,5280.48,4649.756,5115.465,5009.122,4701.094,4660.757,5815.862,5130.133,5009.122,5115.465,5089.796,5196.139,5775.525,3890.687,10975.331,10458.284,7381.671,7308.331,9156.499,9541.534,9732.218,12665.818,9064.824,18793.375,19156.408,22266.024,25151.953,25709.337,27792.193,29057.308,30340.758,33399.036,32617.965,34763.16
Albania,5170.47,7341.334,7308.331,7631.027,7825.378,7880.383,8056.399,7444.01,7326.666,8984.15,5515.168,4286.723,2515.562,2335.879,1925.175,2086.523,2016.85,1543.807,1752.826,2984.938,3021.608,3223.293,3751.341,4294.057,4165.712,4253.72,3898.021,3927.357,4374.731,4378.398,4598.418,5240.143,4910.113,5064.127,5716.853
Arab World,508535.6438659044,497257.92410481576,476720.29390879284,508407.23781787645,554637.0838521898,586804.6332553212,648157.0430031047,649426.4285064673,688300.4423608903,699383.7186778223,671736.0621652768,740323.2355333817,795658.9047449955,877890.1379021335,901869.0501853075,866641.7680948798,862033.8253427888,833006.7209999999,906420.0609999999,919932.9559999998,1045762.3939999999,1040650.596,1062153.8839999998,1143168.9150000003,1252559.1919999998,1318345.172,1381941.9530000002,1359855.6120000004,1491970.2880000002,1581327.744,1645558.9160000002,1655808.1809999999,1796962.0119999996,1775095.691,1895700.3207851998
United Arab Emirates,36904.688,36857.017,36871.685,35342.546,46394.884,49926.205,47234.627,47693.002,48367.73,54487.953,52009.061,57010.849,58136.618,65980.331,73130.981,70641.088,41059.399,41646.119,81495.408,78374.791,112562.232,101414.552,84704.033,106841.712,113240.627,116148.558,123874.927,135627.662,157354.637,167959.601,160812.618,165440.372,176386.367,170706.184,211369.547
Argentina,108737.551,102041.609,103424.068,105213.564,106522.683,100596.811,104212.473,114942.115,121473.042,117090.977,112147.861,117098.311,121352.031,117927.053,122408.127,127963.632,135000.605,138003.878,139815.376,146984.361,142136.587,133720.822,124714.67,135062.944,157589.325,162110.736,175436.614,175176.257,189107.19,179961.692,187919.082,191633.753,192356.152,189851.591,204024.546
Antigua and Barbuda,143.013,106.343,293.36,84.341,146.68,249.356,249.356,275.025,286.026,286.026,282.359,267.691,264.024,271.358,267.691,275.025,293.36,308.028,319.029,330.03,344.698,348.365,370.367,403.37,421.705,429.039,443.707,469.376,480.377,509.713,524.381,513.38,524.381,524.381,531.715
Australia,220746.066,230360.94,234119.615,225003.453,236594.84,241229.928,239964.813,256106.947,261145.405,277771.583,263704.971,261471.768,267984.36,277397.549,278119.948,281860.288,302164.467,305794.797,316883.805,325343.574,329443.28,324844.862,341353.696,336271.234,342699.485,350172.831,365346.877,372090.49,385904.079,394792.887,390861.863,391818.95,388126.281,372266.506,361261.839
Austria,52306.088,56130.769,53868.23,51983.392,54550.292,54700.639,54080.916,57744.249,53340.182,54117.586,57685.577,61605.6,56658.817,57102.524,57054.853,59783.101,63178.743,62658.029,63662.787,61869.624,62283.995,65888.656,67073.097,72195.896,72390.247,74216.413,72162.893,69735.339,69027.608,62731.369,67502.136,65019.577,62272.994,62485.68,58712.337
Burundi,146.68,157.681,157.681,205.352,220.02,231.021,234.688,249.356,227.354,267.691,209.019,238.355,216.353,227.354,234.688,238.355,242.022,249.356,249.356,253.023,271.358,205.352,212.686,161.348,198.018,154.014,187.017,187.017,190.684,190.684,212.686,242.022,282.359,289.693,440.04
Belgium,135301.299,124021.607,117553.019,101630.905,105422.583,104472.83,102874.018,103116.04,100354.789,107461.435,106049.64,110959.753,111968.178,107652.119,112334.878,112327.544,118059.065,115341.818,118374.427,114260.053,115118.131,114527.744,107311.088,112914.264,111102.766,108510.197,107072.733,103545.079,104443.494,99863.411,110824.074,99944.085,95107.312,96970.148,93350.819
Benin,517.047,429.039,491.378,454.708,502.379,744.401,685.729,539.049,553.717,630.724,707.731,821.408,898.415,1133.103,1265.115,1327.454,1265.115,1217.444,1213.777,1562.142,1598.812,1815.165,2079.189,2354.214,2508.228,2394.551,3872.352,4495.742,4411.401,4660.757,5089.796,5295.148,5471.164,5812.195,6318.241
Burkina Faso,432.706,557.384,575.719,594.054,465.709,476.71,480.377,517.047,553.717,821.408,583.053,627.057,630.724,627.057,645.392,627.057,707.731,806.74,861.745,931.418,1041.428,997.424,1004.758,1078.098,1103.767,1125.769,1360.457,1646.483,1917.841,1932.509,1961.845,2211.201,2629.239,3058.278,2849.259
Bangladesh,7638.361,7931.721,8599.115,8236.082,9123.496,10234.597,11463.042,11862.745,13545.898,13454.223,15533.412,15940.449,17748.28,17407.249,18969.391,22816.074,24029.851,25063.945,24048.186,25236.294,27869.2,32456.617,33707.064,35672.576,37704.094,39478.922,43541.958,44381.701,49511.834,53736.218,59937.115,63413.431,67505.803,69709.67,73189.653
Bulgaria,77487.377,80343.97,90131.193,90365.881,87366.275,89540.806,91528.32,91634.663,87289.268,86739.218,74480.437,57549.898,54205.594,67861.502,54161.59,58004.606,56559.808,51616.692,48998.454,43981.998,43530.957,46453.556,44634.724,47307.967,46801.921,47916.689,48991.12,52254.75,50740.279,42665.545,44114.01,49346.819,44708.064,39599.933,42416.189
Bahrain,7887.717,8525.775,9838.561,8228.748,9207.837,10194.26,11012.001,11430.039,12163.439,11738.067,12427.463,11877.413,10901.991,14642.331,14789.011,14818.347,15621.42,17319.241,18404.673,18019.638,18643.028,13927.266,15698.427,16468.497,17509.925,19207.746,18830.045,26846.107,29768.706,28217.565,29266.327,28650.271,26673.758,31312.513,31338.182
"Bahamas, The",7990.393,2801.588,2262.539,2016.85,1855.502,1510.804,1411.795,1422.796,1540.14,1947.177,1950.844,1782.162,1793.163,1701.488,1686.82,1683.153,1668.485,1364.124,1679.486,1675.819,1668.485,1569.476,1576.81,1518.138,1723.49,1741.825,1664.818,1690.487,1496.136,1642.816,1653.817,1866.503,1969.179,2801.588,2416.553
Belize,190.684,183.35,172.349,172.349,172.349,190.684,205.352,227.354,249.356,300.694,311.695,359.366,355.699,377.701,374.034,377.701,308.028,388.702,370.367,348.365,396.036,447.374,432.706,432.706,392.369,421.705,443.707,476.71,436.373,586.72,539.049,601.388,476.71,513.38,495.045
Bermuda,436.373,388.702,396.036,451.041,443.707,451.041,421.705,572.052,645.392,781.071,502.379,539.049,462.042,539.049,531.715,531.715,528.048,524.381,520.714,513.38,517.047,528.048,557.384,561.051,583.053,583.053,652.726,729.733,649.059,476.71,608.722,443.707,476.71,458.375,575.719
Bolivia,4668.091,4792.769,4349.062,4290.39,4041.034,4125.375,3777.01,4030.033,4308.725,4994.454,5757.19,6006.546,6655.605,7829.045,8635.785,9849.562,9827.56,10942.328,10989.999,10443.616,11067.006,8621.117,10395.945,11092.675,11114.677,12185.441,15056.702,12332.121,13237.87,13989.605,15203.382,16145.801,18793.375,18918.053,20410.522
Brazil,187090.34,171806.284,172176.651,166632.147,168806.678,181248.809,198883.412,207530.198,209363.698,214024.455,208886.988,219330.604,220705.729,230738.641,242154.012,258347.484,284782.887,300547.32,312289.054,320173.104,327983.814,337433.673,332266.87,321621.569,337826.042,347308.904,347668.27,363212.683,387631.236,367147.374,419754.156,439412.943,470028.726,503677.118,529808.16
Barbados,674.728,685.729,645.392,685.729,748.068,847.077,916.75,942.419,946.086,990.09,1074.431,1206.443,979.089,1114.768,748.068,828.742,850.744,902.082,1140.437,1210.11,1188.108,1221.111,1228.445,1268.782,1294.451,1353.123,1371.458,1364.124,1620.814,1617.147,1477.801,1529.139,1470.467,1448.465,1272.449
Brunei Darussalam,6882.959,1470.467,2093.857,2706.246,1917.841,2596.236,2299.209,3318.635,5716.853,6347.577,6193.563,5309.816,5214.474,4968.785,4693.76,4789.102,4869.776,5060.46,5269.479,3909.022,4712.095,4506.743,4378.398,4591.084,4998.121,5005.455,4862.442,8415.765,9119.829,7862.048,8203.079,9695.548,9666.212,7803.376,9108.828
Bhutan,22.002,25.669,33.003,29.336,51.338,62.339,55.005,102.676,110.01,62.339,128.345,187.017,216.353,183.35,212.686,249.356,300.694,392.369,381.368,385.035,396.036,385.035,418.038,377.701,308.028,396.036,392.369,392.369,421.705,388.702,487.711,733.4,817.741,920.417,1001.091
Botswana,986.423,1008.425,1100.1,1030.427,1045.095,1158.772,1067.097,1239.446,1301.785,1430.13,2702.579,2636.573,2779.586,3197.624,3032.609,3047.277,2757.584,2801.588,3344.304,3160.954,3780.677,3850.35,3978.695,3828.348,3898.021,4096.039,4136.376,4231.718,4506.743,3762.342,4686.426,4176.713,4231.718,5229.142,7033.306
Central African Republic,106.343,135.679,143.013,146.68,150.347,161.348,161.348,260.357,231.021,249.356,198.018,205.352,216.353,223.687,234.688,234.688,234.688,245.689,249.356,264.024,267.691,245.689,245.689,234.688,234.688,234.688,249.356,253.023,253.023,253.023,264.024,278.692,293.36,297.027,300.694
Canada,443233.957,430003.421,414811.04,408687.15,425595.687,422079.034,405053.153,431349.21,456053.789,463274.112,435181.225,426780.128,440978.752,445580.837,456849.528,467637.842,479419.913,495294.356,506533.711,515389.516,534380.909,527926.989,519335.208,553100.944,552198.862,557417.003,543819.767,554355.058,561028.998,536764.459,534670.602,537112.824,517457.704,517160.677,537193.498
Switzerland,40538.685,38859.199,36629.663,40069.309,39174.561,39827.287,42295.178,40252.659,40711.034,39467.921,42610.54,42705.882,42793.89,40751.371,41323.423,39225.899,39885.959,41466.436,41704.791,40692.699,39049.883,42944.237,40696.366,40175.652,40366.336,41338.091,41851.471,37986.453,40403.006,41646.119,38994.878,36967.027,37773.767,40226.99,35305.876
Chile,25265.63,24554.232,20615.874,20839.561,22200.018,21503.288,22247.689,22673.061,26926.781,32386.944,33314.695,31323.514,32474.952,34627.481,38103.797,41745.128,48499.742,56394.793,57641.573,61502.924,58815.013,53340.182,55162.681,55602.721,59775.767,61818.286,64814.225,71638.512,71851.198,66805.406,72250.901,79243.87,80974.694,83226.232,82562.505
China,1467192.369,1451501.276,1580260.647,1667029.201,1814908.31,1966553.428,2068969.071,2209708.531,2369501.723,2408540.605,2442431.019,2565594.548,2690455.898,2878694.009,3058241.33,3320285.15,3463089.131,3469510.048,3324344.519,3318055.614,3405179.867,3487566.356,3850269.326,4540417.061,5233538.733,5896957.705,6529291.518,7030797.772,7553070.247,8001008.965,8776040.416,9733538.12,10028573.939,10258007.128,10291926.878
Cote d'Ivoire,6222.899,4466.406,6109.222,4840.44,5405.158,7326.666,5966.209,7682.365,9160.166,8522.108,5034.791,4561.748,4099.706,5346.486,4686.426,6618.935,7840.046,7568.688,6912.295,6266.903,6791.284,7726.369,7286.329,5460.163,7664.03,7825.378,6996.636,6776.616,6776.616,5658.181,6967.3,7249.659,9295.845,10685.638,11045.004
Cameroon,3905.355,5342.819,6343.91,6589.599,6057.884,6475.922,1994.848,1844.501,2200.2,7634.694,1734.491,1103.767,3788.011,3898.021,3817.347,4228.051,4462.739,3215.959,3208.625,3080.28,3432.312,3421.311,3417.644,3795.345,3956.693,3696.336,3861.351,5834.197,5544.504,6725.278,6780.283,5768.191,6127.557,6772.949,7003.97
"Congo, Dem. Rep.",3501.985,3777.01,3072.946,4026.366,3964.027,3641.331,3377.307,3854.017,4019.032,4393.066,4070.37,2962.936,2816.256,2592.569,1639.149,2123.193,2317.544,1899.506,1668.485,1382.459,814.074,836.076,927.751,986.423,1199.109,1499.803,1609.813,1756.493,1859.169,1749.159,2020.517,2493.56,2401.885,3589.993,4671.758
"Congo, Rep.",407.037,473.043,1345.789,1144.104,1140.437,1279.783,1067.097,1323.787,1499.803,1507.137,1188.108,1004.758,1279.783,1320.12,2148.862,1565.809,1716.156,2343.213,777.404,821.408,1048.762,766.403,575.719,916.75,949.753,982.756,1118.435,1213.777,1309.119,1745.492,1980.18,2258.872,2970.27,3087.614,3094.948
Colombia,44356.032,44458.708,45914.507,49449.495,48980.119,48378.731,49101.13,50487.256,52445.434,53233.839,57337.212,57120.859,62049.307,64022.153,67571.809,59614.419,60527.502,64909.567,65976.664,56512.137,57923.932,56273.782,55661.393,57421.553,55071.006,60945.54,62940.388,62430.675,68088.856,72661.605,76174.591,76530.29,79951.601,89625.147,84091.644
Comoros,47.671,47.671,47.671,47.671,47.671,47.671,44.004,47.671,51.338,51.338,62.339,66.006,66.006,69.673,69.673,73.34,77.007,80.674,88.008,91.675,102.676,102.676,102.676,132.012,143.013,139.346,161.348,102.676,106.343,132.012,161.348,135.679,143.013,176.016,154.014
Cabo Verde,121.011,33.003,36.67,36.67,84.341,84.341,58.672,80.674,73.34,80.674,95.342,99.009,106.343,110.01,113.677,121.011,143.013,146.68,157.681,183.35,216.353,234.688,275.025,308.028,330.03,440.04,473.043,506.046,469.376,524.381,557.384,616.056,506.046,498.712,491.378
Costa Rica,2464.224,2251.538,2086.523,2104.858,2002.182,2266.206,2607.237,2757.584,2940.934,2973.937,2955.602,3336.97,3791.678,3953.026,5269.479,4866.109,4748.765,4987.12,5317.15,5522.502,5474.831,5760.857,6325.575,6626.269,6930.63,6868.291,7099.312,8122.405,8129.739,7902.385,7568.688,7741.037,7766.706,7598.024,7759.372
Caribbean small states,38837.197,32566.627000000008,31620.541000000005,28639.27,28899.627000000008,31972.573,27894.869000000002,29240.658,27146.801,29904.385,31594.872000000007,32075.249000000007,33945.419,33153.347,32856.32,33692.396,37836.106,36020.941000000006,36989.028999999995,40813.71,42493.196,45544.14,46636.906,50476.255000000005,52232.74800000001,56746.825000000004,62265.66,63673.78799999999,63354.759,61865.957,64792.223,64271.50899999999,62863.381,65052.58,63637.118
Cuba,31400.521,32749.977,34554.141,30843.137,32603.297,32577.628,33567.718,33952.753,35635.906,35738.582,33344.031,29710.034,31294.178,29380.004,32247.598,25709.337,26996.454,24649.574,24499.227,25331.636,26083.371,25452.647,26090.705,25485.65,25005.273,26006.364,27407.158,26794.769,30443.434,29897.051,38375.155,35987.938,36156.62,34799.83,34836.5
Cayman Islands,161.348,154.014,161.348,168.682,183.35,190.684,201.685,216.353,223.687,256.69,249.356,271.358,311.695,330.03,363.033,363.033,385.035,407.037,429.039,429.039,465.709,469.376,487.711,495.045,462.042,473.043,484.044,572.052,583.053,557.384,557.384,586.72,535.382,535.382,542.716
Cyprus,3208.625,3047.277,3102.282,3098.615,3182.956,3102.282,3545.989,4121.708,4129.042,4341.728,4374.731,4690.093,5181.471,5449.162,5643.513,5383.156,5936.873,5859.866,6406.249,6376.913,6930.63,6846.289,7022.305,7748.371,7334.0,7502.682,7788.708,8195.745,8577.113,8111.404,7708.034,7425.675,6919.629,5947.874,6061.551
Djibouti,348.365,300.694,348.365,348.365,352.032,359.366,377.701,388.702,348.365,388.702,322.696,311.695,311.695,311.695,304.361,304.361,311.695,326.363,315.362,315.362,341.031,366.7,399.703,421.705,407.037,414.371,410.704,462.042,498.712,462.042,517.047,473.043,517.047,608.722,722.399
Dominica,36.67,36.67,40.337,40.337,44.004,47.671,47.671,47.671,55.005,58.672,58.672,58.672,58.672,62.339,66.006,80.674,73.34,80.674,77.007,80.674,102.676,110.01,102.676,117.344,113.677,117.344,113.677,154.014,132.012,132.012,139.346,128.345,135.679,132.012,135.679
Denmark,60369.821,51789.041,53695.881,50175.561,50861.29,60072.794,58903.021,58341.97,55107.676,48785.768,50230.566,60270.812,54322.938,57065.854,61000.545,57172.197,72181.228,61557.929,59552.08,55148.013,51330.666,52918.477,52049.398,55998.757,50600.933,47095.281,54986.665,50256.235,46933.933,44510.046,46640.573,40645.028,36427.978,38532.836,33498.045
Dominican Republic,6457.587,6167.894,6340.243,7913.386,7444.01,7293.663,8181.077,9754.22,9834.894,10366.609,9229.839,10043.913,10923.993,11763.736,12475.134,15885.444,17326.575,18001.303,18397.339,18562.354,19790.799,19816.468,21330.939,21514.289,18309.331,18639.361,19783.465,21173.258,20711.216,20227.172,21022.911,21228.263,22123.011,21440.949,21539.958
Algeria,66519.38,46438.888,39269.903,52625.117,71103.13,72786.283,76277.267,84120.98,83948.631,80046.943,76970.33,79049.519,80138.618,82210.473,86416.522,95294.329,97098.493,87340.606,106999.393,92045.367,87861.32,84219.989,89907.506,91575.991,88510.379,107278.085,101069.854,109404.945,110208.018,121399.702,119177.5,121187.016,129987.816,134465.223,145400.217
Ecuador,13443.222,16692.184,19288.42,19556.111,21257.599,19431.433,15276.722,15115.374,17271.57,20267.509,16827.863,16497.833,22280.692,24205.867,13652.241,22841.743,24191.199,18360.669,22460.375,21495.954,20718.55,23116.768,24950.268,26967.118,29046.307,30263.751,28859.29,31888.232,33868.412,36068.612,36460.981,38609.843,38140.467,40997.06,43919.659
"Egypt, Arab Rep.",45239.779,50978.634,56523.138,57091.523,63838.803,63937.812,74564.778,74810.467,74531.775,72181.228,75943.57,78715.822,81264.387,93156.468,85312.755,95723.368,102030.608,108202.169,122243.112,125393.065,141326.18,125451.737,127193.562,147963.45,150911.718,167207.866,178586.567,189092.522,198586.385,206734.459,202715.427,217163.407,217068.065,213412.066,201894.019
Spain,215003.544,207288.176,209906.414,204867.956,198953.085,201233.959,190467.647,190878.351,199033.759,226671.938,218597.204,225634.177,233921.597,219253.597,233404.55,241611.296,233305.541,252073.247,261541.441,282355.333,294434.431,297830.073,314518.59,321097.188,339428.521,353462.13,350037.152,358236.564,329285.599,288237.201,270910.626,270547.593,264779.402,237034.88,233976.602
Ethiopia,1822.499,1866.503,1481.468,1844.501,1664.818,1815.165,2214.868,2581.568,2673.243,2827.257,3017.941,2984.938,2966.603,3028.942,2240.537,2563.233,2860.26,3050.944,3219.626,3157.287,3549.656,4352.729,4521.411,4987.12,5295.148,5119.132,5504.167,6013.88,6578.598,6629.936,6585.932,7726.369,8562.445,10634.3,11598.721
Finland,58246.628,51510.349,43083.583,41576.446,42254.841,49665.848,53329.181,57656.241,52185.077,52584.78,51745.037,53699.548,47472.982,50402.915,57223.535,52713.125,61282.904,59933.448,56988.847,55423.038,52427.099,57051.186,61682.607,69130.284,67091.432,54645.634,66200.351,63985.483,56519.471,53149.498,62082.31,56816.498,49134.133,47219.959,47300.633
Fiji,795.739,1081.765,839.743,715.065,583.053,579.386,605.055,476.71,553.717,630.724,814.074,671.061,748.068,751.735,748.068,762.736,821.408,792.072,770.07,784.738,843.41,1056.096,891.081,1048.762,1353.123,1096.433,1217.444,1158.772,894.748,792.072,1221.111,1089.099,1059.763,1151.438,1169.773
France,505363.938,454700.666,436893.714,422603.415,405342.846,400880.107,385614.386,377491.981,372207.834,390649.177,375691.484,390689.514,365893.26,359916.05,338119.402,349160.739,375306.449,351562.624,377444.31,368918.535,362226.26,377535.985,375075.428,380689.605,383758.884,385368.697,375764.824,369142.222,366325.966,351899.988,353033.091,331804.828,333227.624,334096.703,303275.568
Faroe Islands,421.705,440.04,458.375,487.711,498.712,517.047,491.378,498.712,528.048,579.386,711.398,667.394,649.059,583.053,575.719,572.052,601.388,590.387,623.39,630.724,689.396,762.736,726.066,733.4,748.068,722.399,678.395,689.396,630.724,575.719,630.724,568.385,590.387,678.395,597.721
Gabon,6633.603,6574.931,6556.596,5518.835,5995.545,6318.241,4968.785,4022.699,4334.394,5771.858,4499.409,4536.079,4932.115,4990.787,4389.399,4624.087,4774.434,4796.436,4979.786,4807.437,4693.76,4800.103,4572.749,4642.422,4686.426,4888.111,4173.046,4118.041,4173.046,4250.053,4811.104,4972.452,5104.464,5280.48,5192.472
United Kingdom,579290.658,560819.979,548520.861,545741.275,529335.117,559855.558,568777.369,571868.65,570464.189,581721.879,555924.534,566830.192,556280.233,545711.939,546738.699,538117.582,551436.126,527343.936,531905.684,530937.596,541784.582,545862.286,528642.054,540006.087,539239.684,542580.321,541458.219,528425.701,520688.331,471719.213,493207.833,447828.708,468572.927,458250.322,419820.162
Ghana,2559.566,3047.277,3043.61,3655.999,2581.568,3325.969,3047.277,3285.632,3450.647,3344.304,3817.347,3934.691,3982.362,4547.08,4954.117,5276.813,5610.51,6365.912,6402.582,6549.262,6288.905,6919.629,7422.008,7631.027,7348.668,6992.969,9358.184,9827.56,9138.164,7708.034,9955.905,9831.227,11877.413,14620.329,14466.315
Gibraltar,88.008,51.338,22.002,36.67,33.003,44.004,40.337,47.671,69.673,69.673,143.013,198.018,234.688,238.355,282.359,275.025,282.359,293.36,308.028,319.029,333.697,344.698,348.365,355.699,385.035,399.703,418.038,414.371,425.372,462.042,465.709,451.041,462.042,491.378,528.048
Guinea,964.421,990.09,982.756,953.42,979.089,993.757,997.424,993.757,1026.76,1045.095,1004.758,1026.76,1059.763,1089.099,1250.447,1290.784,1364.124,1419.129,1503.47,1580.477,1642.816,1719.823,1804.164,1881.171,1943.51,1826.166,1892.172,1969.179,2189.199,2262.539,2603.57,2779.586,2581.568,2299.209,2449.556
"Gambia, The",157.681,157.681,161.348,161.348,172.349,172.349,161.348,179.683,183.35,179.683,176.016,179.683,179.683,187.017,187.017,198.018,198.018,198.018,212.686,231.021,245.689,253.023,289.693,289.693,293.36,293.36,308.028,352.032,366.7,381.368,432.706,447.374,454.708,432.706,513.38
Guinea-Bissau,146.68,143.013,143.013,143.013,161.348,172.349,183.35,194.351,216.353,231.021,172.349,176.016,179.683,183.35,183.35,183.35,183.35,201.685,172.349,194.351,146.68,150.347,154.014,194.351,201.685,212.686,216.353,231.021,227.354,234.688,238.355,245.689,253.023,256.69,271.358
Equatorial Guinea,58.672,69.673,73.34,62.339,80.674,66.006,80.674,99.009,106.343,117.344,66.006,143.013,157.681,99.009,33.003,128.345,113.677,289.693,165.015,465.709,454.708,3094.948,4979.786,6017.547,5218.141,4712.095,4756.099,4796.436,4503.076,4620.42,4679.092,6127.557,5115.465,5163.136,5346.486
Greece,51429.675,50721.944,52148.407,55544.049,57054.853,60600.842,59130.375,63472.103,67989.847,74183.41,74278.752,74062.399,75499.863,75712.549,77909.082,78781.828,80241.294,83717.61,87751.31,86636.542,91616.328,93805.527,93669.848,95738.036,97149.831,98675.303,97285.51,98246.264,95965.39,91942.691,83856.956,79841.591,80043.276,69482.316,67318.786
Grenada,47.671,58.672,62.339,62.339,62.339,62.339,66.006,73.34,95.342,102.676,106.343,110.01,117.344,121.011,143.013,150.347,154.014,168.682,176.016,194.351,190.684,194.351,205.352,216.353,205.352,216.353,231.021,238.355,253.023,253.023,260.357,253.023,271.358,304.361,242.022
Greenland,564.718,528.048,517.047,363.033,568.385,509.713,326.363,234.688,546.383,473.043,553.717,546.383,480.377,498.712,502.379,502.379,517.047,520.714,528.048,539.049,531.715,539.049,539.049,531.715,583.053,608.722,627.057,638.058,660.06,575.719,663.727,707.731,568.385,553.717,506.046
Guatemala,4510.41,3967.694,3626.663,3179.289,3421.311,3523.987,3700.003,3993.363,4125.375,4246.386,5086.129,5053.126,6017.547,5658.181,6838.955,7165.318,6651.938,7598.024,8753.129,8929.145,9915.568,10626.966,11096.342,10828.651,11620.723,12570.476,12647.483,12625.481,11430.039,11851.744,11664.727,11837.076,11972.755,13633.906,18327.666
Guyana,1789.496,1800.497,1404.461,1246.78,1404.461,1419.129,1045.095,1309.119,1404.461,1184.441,1133.103,1114.768,1045.095,1045.095,1386.126,1463.133,1518.138,1591.478,1657.484,1679.486,1609.813,1595.145,1580.477,1565.809,1628.148,1437.464,1290.784,1562.142,1558.475,1565.809,1719.823,1782.162,1994.848,1936.176,2009.516
"Hong Kong SAR, China",16662.848,18690.699,19702.791,21015.577,22346.698,23014.092,25698.336,28272.57,29482.68,30348.092,27333.818,28639.27,33094.675,34964.845,31283.177,31470.194,29123.314,30703.791,39101.221,42716.883,40439.676,37957.117,39636.603,43358.608,41708.458,43871.988,42056.823,43721.641,43978.331,42148.498,40678.031,43794.981,43424.614,45005.091,46222.535
Honduras,2057.187,1822.499,1763.827,2002.182,1987.514,1906.84,1848.168,2174.531,2504.561,2728.248,2592.569,2698.912,3076.613,2849.259,3336.97,3879.686,3960.36,4158.378,4649.756,4741.431,5031.124,5713.186,6090.887,6769.282,7367.003,7554.02,7007.637,8778.798,8672.455,7873.049,7975.725,8954.814,8984.15,9064.824,9471.861
Haiti,751.735,766.403,825.075,894.748,913.083,942.419,843.41,913.083,1023.093,1037.761,993.757,997.424,909.416,663.727,300.694,902.082,1034.094,1367.791,1232.112,1331.121,1367.791,1569.476,1826.166,1734.491,1987.514,2075.522,2112.192,2390.884,2398.218,2269.873,2126.86,2218.535,2313.877,2405.552,2860.26
Hungary,86860.229,86618.207,86871.23,89137.436,90853.592,86104.827,83537.927,84436.342,78264.781,76090.25,69647.331,66585.386,60395.49,61917.295,58884.686,60369.821,62063.975,60886.868,59163.378,58800.345,55826.408,56977.846,56064.763,59053.368,57458.223,58019.274,57388.55,56035.427,54843.652,48510.743,50223.232,47843.349,44583.386,42141.164,42086.159
Indonesia,94784.616,100160.438,105407.915,104956.874,112184.531,121245.688,121740.733,123372.548,132162.347,130966.905,149565.929,179730.671,202576.081,218600.871,221413.46,224941.114,253290.691,278658.997,214200.471,241988.997,263418.945,294907.474,306737.216,316792.13,337635.358,341991.754,345119.705,375544.804,416560.199,446409.579,428760.308,603665.207,637078.911,490226.562,464176.194
India,314016.211,338838.134,349637.449,378669.088,388118.947,426673.785,457571.927,488481.07,527563.956,579008.299,619154.615,658189.83,699087.881,723697.118,764730.848,811562.105,882324.204,917685.085,936221.77,995766.516,1031853.463,1041152.975,1054258.833,1099597.621,1154320.262,1222563.132,1303717.509,1407607.286,1568379.567,1738645.711,1719690.988,1841776.419,2018503.817,2034752.294,2238377.137
Ireland,26255.72,26039.367,25547.989,25709.337,25529.654,26725.096,28525.593,30197.745,29842.046,30018.062,31217.171,31400.521,31033.821,31261.175,32672.97,32969.997,34906.173,36416.977,38554.838,40153.65,41228.081,44029.669,43413.613,42687.547,43761.978,43538.291,43160.59,44638.391,42999.242,40314.998,40054.641,35632.239,35591.902,34854.835,34066.43
"Iran, Islamic Rep.",120900.99,112899.596,138007.545,149785.949,150658.695,160768.614,148399.823,159573.172,176115.009,191204.714,210463.798,227401.671,228468.768,237214.563,265230.443,272942.144,276059.094,269293.479,308508.377,382339.755,372237.17,398437.885,401760.187,418437.703,447036.636,468807.615,509338.966,519324.207,541582.897,554278.051,573031.089,589055.879,611758.276,619778.005,649480.705
Iraq,45558.808,32122.92,30623.117,38749.189,40204.988,44675.061,47751.674,52881.807,67927.508,73251.992,47693.002,45643.149,59112.04,63362.093,71334.151,74348.425,69500.651,68308.876,72371.912,72283.904,72445.252,85342.091,87259.932,91117.616,114084.037,113522.986,98770.645,62155.65,93149.134,104546.17,112195.532,134384.549,152723.216,165506.378,168443.645
Iceland,1866.503,1752.826,1598.812,1547.474,1815.165,1628.148,1785.829,1851.835,1848.168,1903.173,1998.515,1767.494,1818.832,1976.513,2009.516,1947.177,2211.201,2104.858,2101.191,2068.188,2163.53,2101.191,2170.864,2167.197,2244.204,2229.536,2299.209,2310.21,2119.526,2053.52,1961.845,1881.171,1800.497,1899.506,1983.847
Israel,21147.589,21213.595,24081.189,23938.176,23743.825,24869.594,26626.087,27385.156,30051.065,31756.22,36295.966,36754.341,42790.223,45074.764,48400.733,51099.645,53098.16,55881.413,57095.19,55694.396,60259.811,63596.781,59812.437,62889.05,59020.365,56952.177,62471.012,63072.4,68264.872,64469.527,68880.928,69130.284,75529.199,67069.43,64601.539
Italy,388969.691,378020.029,369681.271,361364.515,367649.753,372134.494,366454.311,383670.876,389780.098,408907.17,417550.289,423894.199,420535.227,411917.777,407378.031,430483.798,425830.375,430487.465,440153.677,441998.178,450564.29,450347.937,452610.476,468349.24,473970.751,473384.031,469346.664,462676.391,447186.983,401591.505,405361.181,397994.178,369468.585,345317.723,320411.459
Jamaica,8452.435,7414.674,6219.232,6450.253,5144.801,5045.792,4550.747,5383.156,4528.745,6728.945,7532.018,7755.705,7715.368,8005.061,8195.745,9178.501,9702.882,10131.921,9717.55,9977.907,10307.937,10615.965,10241.931,10667.303,10670.97,10498.621,11496.045,9651.544,10208.928,7741.037,7297.33,7858.381,7462.345,8093.069,7422.008
Jordan,4726.763,5863.533,6292.572,7363.336,8353.426,8540.443,9281.177,9662.545,9314.18,9233.506,10403.279,9798.224,12266.115,12101.1,13633.906,13556.899,14187.623,14418.644,14543.322,14568.991,15507.743,16002.788,16886.535,17469.588,19240.749,21059.581,21121.92,22035.003,21349.274,21891.99,21180.592,21668.303,24444.222,24389.217,26450.071
Japan,947571.135,929606.502,900200.829,883838.675,940130.792,915396.877,915334.538,905734.332,989081.575,1025549.89,1096179.977,1099381.268,1123847.492,1109887.223,1173315.322,1183447.243,1204690.174,1200788.486,1157829.581,1196516.431,1220527.947,1203377.388,1220047.57,1242093.574,1266009.748,1239255.316,1231495.944,1252229.162,1210135.669,1103869.676,1171624.835,1191074.603,1230168.49,1246515.976,1214048.358
Kenya,6197.23,6527.26,4693.76,4660.757,4319.726,3769.676,4162.045,5174.137,4789.102,5192.472,5823.196,4840.44,5540.837,6347.577,6556.596,7554.02,9328.848,8265.418,10036.579,10172.258,10417.947,9369.185,7968.391,6754.614,7623.693,8562.445,9574.537,9831.227,10241.931,12350.456,12174.44,13457.89,12515.471,13333.212,14286.632
Cambodia,286.026,300.694,337.364,366.7,410.704,418.038,432.706,436.373,451.041,451.041,1261.448,1305.452,1349.456,1386.126,1477.801,1551.141,1617.147,1540.14,1950.844,1895.839,1976.513,2251.538,2207.534,2379.883,2445.889,2775.919,2999.606,3465.315,3898.021,4653.423,5012.789,5207.14,5456.496,5603.176,6684.941
Kiribati,29.336,29.336,25.669,22.002,22.002,22.002,18.335,22.002,22.002,22.002,22.002,22.002,25.669,29.336,29.336,29.336,33.003,25.669,29.336,29.336,29.336,25.669,40.337,40.337,44.004,62.339,69.673,51.338,55.005,40.337,62.339,62.339,62.339,62.339,62.339
St. Kitts and Nevis,51.338,55.005,66.006,51.338,51.338,51.338,58.672,55.005,66.006,66.006,106.343,106.343,110.01,113.677,121.011,128.345,132.012,143.013,150.347,161.348,172.349,176.016,198.018,198.018,212.686,198.018,201.685,216.353,216.353,223.687,220.02,231.021,220.02,223.687,231.021
"Korea, Rep.",134868.593,139742.036,141905.566,150904.384,163911.233,178333.544,182451.585,192660.513,221959.843,235846.772,246943.114,261482.769,284280.508,321951.599,344037.94,374771.067,403780.704,430032.757,364833.497,399864.348,447561.017,450193.923,465631.993,466215.046,482276.506,462922.08,470655.783,495675.724,507589.807,508862.256,566716.515,589400.577,583966.083,592499.192,587156.373
Kuwait,24675.243,25214.292,21169.591,21609.631,28367.912,29159.984,35320.544,31470.194,32914.992,35885.262,51000.636,10190.593,21085.25,33274.358,38906.87,54821.65,50153.559,54920.659,51745.037,54022.244,53560.202,57641.573,58228.293,59922.447,63534.442,71546.837,73769.039,75235.839,82731.187,87303.936,89625.147,91029.608,102334.969,98345.273,95408.006
Lao PDR,187.017,150.347,157.681,179.683,183.35,201.685,209.019,209.019,209.019,234.688,212.686,234.688,256.69,256.69,275.025,348.365,476.71,608.722,685.729,927.751,938.752,872.746,1151.438,1100.1,1393.46,1404.461,1551.141,909.416,946.086,1257.781,1639.149,1624.481,1697.821,1576.81,1954.511
Lebanon,6178.895,6351.244,6112.889,7319.332,7051.641,8056.399,7759.372,7968.391,7660.363,8052.732,8214.08,8478.104,10359.275,11683.062,12702.488,13578.901,13758.584,15647.089,16648.18,16490.499,15247.386,16171.47,16002.788,18180.986,16798.527,16208.14,14458.981,13461.557,17227.566,20872.564,20047.489,20443.525,22632.724,22581.386,24070.188
Liberia,2042.519,1939.843,601.388,711.398,700.397,722.399,729.733,766.403,817.741,667.394,473.043,278.692,282.359,315.362,311.695,326.363,337.364,348.365,374.034,392.369,421.705,491.378,487.711,520.714,616.056,726.066,748.068,667.394,564.718,517.047,792.072,891.081,1026.76,957.087,935.085
Libya,26904.779,28811.619,30762.463,30414.098,28624.602,31418.856,34059.096,32566.627,36398.642,37322.726,36780.01,42863.563,37260.387,38947.207,44132.345,46020.85,44158.014,44975.755,45474.467,44620.056,47113.616,48100.039,47832.348,49167.136,50358.911,52108.07,53270.509,49959.208,56013.425,57978.937,61961.299,39702.609,52683.789,56266.448,56996.181
St. Lucia,113.677,95.342,113.677,102.676,113.677,128.345,132.012,146.68,165.015,165.015,161.348,168.682,201.685,223.687,260.357,311.695,326.363,308.028,308.028,319.029,330.03,363.033,326.363,359.366,355.699,366.7,366.7,385.035,396.036,385.035,403.37,407.037,407.037,407.037,407.037
Sri Lanka,3410.31,4033.7,4499.409,4884.444,3883.353,3956.693,3703.67,4074.037,3490.984,3483.65,3868.685,4176.713,5185.138,5042.125,5526.169,5903.87,7062.642,7616.359,7825.378,8617.45,10238.264,10443.616,11056.005,11078.007,12299.118,12101.1,11976.422,12354.123,12207.443,13175.531,13263.539,15137.376,16032.124,15489.408,18393.672
Luxembourg,11026.669,9427.857,8859.472,8291.087,8929.145,9167.5,9009.819,8668.788,8929.145,9658.878,10003.576,10615.965,10571.961,10788.314,10190.593,8316.756,8437.767,7939.055,7356.002,7686.032,8239.749,8800.8,9416.856,9904.567,11268.691,11547.383,11349.365,11019.335,10938.661,10392.278,10967.997,10938.661,10663.636,10051.247,9658.878
"Macao SAR, China",528.048,535.382,484.044,682.062,605.055,733.4,876.413,971.755,964.421,1030.427,1034.094,1092.766,1081.765,1180.774,1272.449,1232.112,1408.128,1488.802,1558.475,1518.138,1631.815,1686.82,1518.138,1532.806,1716.156,1829.833,1620.814,1536.473,1338.455,2071.855,1408.128,1448.465,1312.786,1180.774,1283.45
Morocco,15944.116,15856.108,17058.884,17795.951,17814.286,17865.624,18881.383,20117.162,21176.925,22918.75,23542.14,24975.937,26039.367,28217.565,29640.361,30373.761,31195.169,31862.563,32038.579,33153.347,33905.082,37715.095,38254.144,37561.081,43310.937,45771.494,47425.311,50267.236,52900.142,52482.104,55958.42,57685.577,62731.369,59082.704,59863.775
Madagascar,1617.147,1026.76,1015.759,652.726,869.079,1056.096,1140.437,1287.117,1290.784,931.418,949.753,1034.094,1004.758,1030.427,1268.782,1265.115,1364.124,1650.15,1738.158,1917.841,1873.837,1741.825,1235.779,1701.488,1807.831,1741.825,1683.153,1815.165,1888.505,1771.161,1958.178,2339.546,2706.246,3116.95,3076.613
Maldives,44.004,47.671,47.671,51.338,58.672,66.006,80.674,80.674,95.342,124.678,172.349,154.014,231.021,198.018,198.018,249.356,289.693,330.03,300.694,421.705,451.041,462.042,594.054,506.046,667.394,601.388,759.069,781.071,843.41,883.747,935.085,986.423,1111.101,1092.766,1334.788
Mexico,268453.736,284529.864,304837.71,278442.644,277624.903,288501.225,294559.109,307356.939,307067.246,361877.895,318427.612,331958.842,334698.091,339468.858,352780.068,332816.92,346417.823,369769.279,389087.035,391591.596,398382.88,412977.54,414389.335,440208.682,441308.782,466361.726,479251.231,480520.013,493251.837,475950.931,464308.206,484429.035,496324.783,490340.239,480270.657
Mali,392.369,396.036,366.7,418.038,436.373,407.037,381.368,359.366,385.035,418.038,421.705,436.373,443.707,454.708,462.042,469.376,487.711,524.381,762.736,795.739,821.408,828.742,847.077,843.41,876.413,898.415,942.419,1008.425,1070.764,806.74,964.421,1045.095,993.757,1026.76,1411.795
Malta,1023.093,1144.104,1312.786,997.424,1364.124,1199.109,1485.135,1855.502,2013.183,2170.864,2159.863,2057.187,2024.184,2651.241,2420.22,2123.193,2240.537,2519.229,2145.195,2346.88,2064.521,2486.226,2299.209,2581.568,2574.234,2698.912,2574.234,2724.581,2559.566,2398.218,2559.566,2541.231,2680.577,2339.546,2346.88
Myanmar,5526.169,5639.846,5599.509,5775.525,6571.264,6710.61,6791.284,4976.119,4118.041,4462.739,4275.722,4180.38,4888.111,5342.819,6244.901,6959.966,7256.993,7499.015,8078.401,8969.482,10087.917,8723.793,9207.837,9845.895,12434.797,11598.721,12849.168,12874.837,9801.891,10230.93,12515.471,14297.633,11070.673,12860.169,21631.633
Mongolia,6879.292,6644.604,6761.948,6996.636,6450.253,9028.154,9673.546,10586.629,11595.054,10568.294,9988.908,12159.772,11019.335,9284.844,7946.389,7920.72,8041.731,7708.034,7708.034,7554.02,7506.349,7884.05,8287.42,8034.397,8551.444,8562.445,9394.854,12064.43,12038.761,13102.191,13820.923,21499.621,26226.384,38752.856,20839.561
Mozambique,3208.625,2489.893,2541.231,1976.513,1536.473,1147.771,982.756,982.756,1012.092,1041.428,1023.093,1023.093,1004.758,1078.098,1063.43,1114.768,1041.428,1125.769,1133.103,1188.108,1349.456,1580.477,1587.811,1917.841,1921.508,1822.499,1980.18,2262.539,2266.206,2530.23,2735.582,3223.293,3120.617,4019.032,8426.766
Mauritania,630.724,663.727,883.747,938.752,872.746,656.393,374.034,3285.632,3230.627,2849.259,905.749,920.417,968.088,982.756,1144.104,1074.431,1114.768,1118.435,1122.102,1147.771,1173.44,1272.449,1349.456,1389.793,1536.473,1587.811,1609.813,1844.501,1936.176,2123.193,2236.87,2394.551,2654.908,2669.576,2709.913
Mauritius,590.387,542.716,502.379,597.721,627.057,707.731,799.406,931.418,854.411,1052.429,1463.133,1521.805,1708.822,1774.828,1624.481,1829.833,1950.844,1998.515,2170.864,2427.554,2691.578,2863.927,2885.929,3061.945,3091.281,3296.633,3630.33,3689.002,3769.676,3711.004,3916.356,3920.023,3967.694,4070.37,4228.051
Malawi,711.398,605.055,594.054,575.719,557.384,557.384,553.717,546.383,542.716,564.718,748.068,795.739,795.739,891.081,916.75,920.417,913.083,964.421,935.085,942.419,869.079,865.412,850.744,916.75,931.418,876.413,913.083,887.414,1056.096,946.086,1144.104,1180.774,1096.433,1224.778,1276.116
Malaysia,27997.545,30824.802,30571.779,37971.785,34697.154,36237.294,39984.968,40762.372,42724.217,49882.201,56592.811,68591.235,75298.178,91722.671,94010.879,121132.011,125374.73,124821.013,114186.713,107934.478,125734.096,135620.328,133742.824,158256.719,163826.892,174486.861,167702.911,184816.8,204031.88,198876.078,218476.193,220405.035,218707.214,236510.499,242821.406
New Caledonia,2002.182,1393.46,1265.115,1155.105,1206.443,1455.799,1404.461,1459.466,1507.137,1646.483,1584.144,1767.494,1584.144,1837.167,1980.18,2075.522,2196.533,1829.833,1811.498,2057.187,2233.203,1888.505,2405.552,2739.249,2530.23,2823.59,2720.914,2944.601,2867.594,2973.937,3542.322,3648.665,3630.33,4242.719,4290.39
Niger,572.052,685.729,748.068,964.421,993.757,997.424,902.082,1001.091,990.09,1041.428,733.4,722.399,700.397,781.071,773.737,810.407,902.082,909.416,957.087,953.42,696.73,656.393,700.397,759.069,814.074,715.065,693.063,722.399,810.407,968.088,1173.44,1327.454,1866.503,1939.843,2126.86
Nigeria,68154.862,65958.329,65602.63,59929.781,69625.329,69893.02,73505.015,59343.061,70747.431,42441.858,39196.563,42273.176,46614.904,45137.103,35199.533,35841.258,39665.939,42328.181,37869.109,40285.662,76057.247,85734.46,93677.182,101616.237,104304.148,106067.975,98891.656,95055.974,96148.74,76735.642,91517.319,95694.032,98502.954,98136.254,96280.752
Nicaragua,2027.851,2141.528,2115.859,2002.182,1851.835,1991.181,2262.539,2438.555,2247.871,1477.801,2548.565,2005.849,2394.551,2302.876,2541.231,2779.586,2874.928,3142.619,3421.311,3626.663,3762.342,3964.027,4037.367,4411.401,4426.069,4319.726,4466.406,4605.752,4422.402,4495.742,4536.079,4880.777,4620.42,4550.747,4862.442
Netherlands,177508.469,164956.328,134322.21,138256.901,145055.519,147948.782,145095.856,152569.202,146914.688,163100.826,158403.399,165154.346,162224.413,164802.314,165323.028,178634.238,185847.227,178311.542,178439.887,173665.453,173504.105,176793.404,181663.18,182205.896,184835.135,181479.83,179638.996,176690.728,177020.758,172371.002,183052.973,174167.832,170310.148,173254.749,167303.208
Norway,38052.459,40329.666,41052.065,37498.742,40458.011,40714.701,47076.946,40707.367,42482.195,49379.822,31510.531,32075.249,32009.243,35148.195,33905.082,33439.373,33366.033,36101.615,37777.434,40681.698,39673.273,41910.143,38023.123,45221.444,42647.21,42438.191,44257.023,45089.432,55690.729,55346.031,60105.797,45195.775,49889.535,58162.287,47626.996
Nepal,542.716,454.708,443.707,495.045,704.064,678.395,704.064,872.746,993.757,913.083,634.391,960.754,1331.121,1466.8,1697.821,2035.185,2486.226,2783.253,2251.538,3219.626,3069.279,3267.297,2625.572,2841.925,2669.576,3083.947,2563.233,2614.571,3421.311,4334.394,5056.793,5533.503,5856.199,6637.27,8030.73
Nauru,124.678,124.678,124.678,124.678,124.678,124.678,161.348,157.681,157.681,157.681,124.678,124.678,121.011,113.677,110.01,106.343,102.676,102.676,99.009,91.675,84.341,80.674,77.007,66.006,66.006,62.339,44.004,44.004,44.004,40.337,44.004,40.337,40.337,44.004,47.671
New Zealand,17458.587,16527.169,18239.658,17964.633,19295.754,21803.982,22893.081,24110.525,25397.642,25404.976,23545.807,24084.856,25082.28,26688.426,26681.092,27132.133,28642.937,31022.82,30029.063,32639.967,32980.998,34447.798,33201.018,34081.098,34554.141,34139.77,33446.707,33637.391,34202.109,32386.944,31781.889,31503.197,34150.771,33457.708,34664.151
Oman,6046.883,6017.547,5735.188,7532.018,8060.066,8661.454,9875.231,9464.527,10586.629,10065.915,11386.035,11771.07,12079.098,13457.89,15306.058,15896.445,15104.373,15485.741,16560.172,20707.549,21895.657,20285.844,25470.982,32390.611,27986.544,29893.384,39603.6,43695.972,42705.882,41103.403,47417.977,54029.578,59159.711,61378.246,61169.227
Pakistan,32067.915,34400.127,37385.065,40303.997,42856.229,47175.955,49453.162,53534.533,58213.625,60956.541,68565.566,68242.87,72789.95,78008.091,84839.712,84484.013,94447.252,94711.276,97663.211,100384.125,106449.343,108282.843,114084.037,118895.141,131601.296,136636.087,146074.945,158894.777,159070.793,158836.105,161395.671,161956.722,163496.862,164325.604,166298.45
Panama,3124.284,3340.637,3292.966,3494.651,2882.262,2629.239,2753.917,3201.291,2929.933,2522.896,2768.585,3245.295,4246.386,3942.025,4338.061,2984.938,4624.087,5647.18,5947.874,5669.182,5790.193,7007.637,5870.867,6153.226,5804.861,6838.955,7370.67,7198.321,7374.337,8599.115,9163.833,10098.918,10113.586,10718.641,8800.8
Peru,24121.526,24103.191,23670.485,20450.859,20692.881,19512.107,21847.986,25782.677,25107.949,21840.652,21070.582,20293.178,20425.19,23615.48,23289.117,23883.171,24389.217,27476.831,27806.861,29358.002,30296.754,27165.136,27187.138,26380.398,31895.566,37135.709,34876.837,42955.238,41015.395,51704.7,57593.902,49632.845,55071.006,57153.862,61744.946
Philippines,37000.03,34664.151,34997.848,35415.886,30993.484,28048.883,29207.655,32683.971,37729.763,39141.558,41763.463,43930.66,48752.765,49482.498,54799.648,60710.852,62162.984,71158.135,69240.294,69159.62,73306.997,71051.792,71337.818,71425.826,74066.066,74832.469,67692.82,72170.227,78858.835,77568.051,84869.048,85496.105,91205.624,98128.92,105653.604
Palau,157.681,157.681,157.681,157.681,157.681,161.348,161.348,161.348,183.35,227.354,234.688,234.688,234.688,234.688,234.688,234.688,234.688,238.355,238.355,242.022,249.356,253.023,249.356,253.023,253.023,260.357,264.024,260.357,253.023,245.689,253.023,253.023,253.023,256.69,260.357
Papua New Guinea,1829.833,1932.509,1947.177,2009.516,2046.186,2126.86,2064.521,2335.879,2200.2,2035.185,2141.528,2064.521,2053.52,1994.848,2181.865,2060.854,2189.199,2577.901,2863.927,2445.889,2665.909,3208.625,3487.317,3945.692,4488.408,4385.732,4308.725,6120.223,4796.436,5093.463,4763.433,5328.151,5078.795,6186.229,6318.241
Poland,464575.897,410062.275,422211.046,422339.391,433894.108,445899.866,453369.545,465353.301,445976.873,423787.856,368423.49,361643.207,354745.58,353253.111,333972.025,344213.956,355754.005,349523.772,325431.582,315721.366,299289.539,301284.387,294834.134,302252.475,304416.005,302538.501,318940.992,314272.901,314848.62,297617.387,316264.082,316997.482,299931.264,302278.144,285739.974
Portugal,26985.453,27227.475,29255.326,30179.41,29064.642,27407.158,30520.441,31536.2,32925.993,41209.746,42320.847,43992.999,48279.722,46926.599,47659.999,51869.715,50586.265,53072.491,57817.589,64425.523,62731.369,62757.038,66790.738,61216.898,63145.74,65279.934,59816.104,60149.801,55624.723,54176.258,48136.709,47623.329,46013.516,45426.796,45052.762
Paraguay,1492.469,1389.793,1367.791,1415.462,1496.136,1551.141,1664.818,1892.172,2163.53,2244.204,2163.53,2134.194,2530.23,2867.594,3432.312,3964.027,3751.341,4195.048,4503.076,4503.076,3689.002,3821.014,3898.021,4070.37,4088.705,3832.015,3986.029,4136.376,4451.738,4561.748,5097.13,5320.817,5284.147,5434.494,5702.185
Pacific island small states,1552.4209738439224,1903.227791309952,1625.0016946989629,1516.1306134164024,1370.9691717063213,1451.6144171008107,1451.614417100811,1314.5174999301787,1455.6466793705354,1596.7758588108918,1745.9695627906974,1621.2574511627904,1675.8189999999995,1697.8209999999995,1705.155,1734.4909999999998,1800.4969999999996,1796.83,1774.8279999999997,1811.4979999999998,1888.505,2152.529,1987.514,2163.53,2438.555,2192.866,2321.211,2328.545,2057.187,2027.8509999999999,2427.5539999999996,2310.21,2280.874,2390.8839999999996,2478.8919999999994
French Polynesia,293.36,330.03,337.364,421.705,458.375,586.72,605.055,608.722,572.052,542.716,436.373,432.706,414.371,425.372,440.04,429.039,432.706,451.041,447.374,495.045,568.385,678.395,707.731,770.07,762.736,821.408,825.075,817.741,843.41,847.077,858.078,832.409,814.074,821.408,803.073
Qatar,13098.524,12860.169,12354.123,11268.691,12332.121,12405.461,13296.542,11499.712,11928.751,14326.969,11774.737,17704.276,26802.103,30722.126,30223.414,31789.223,32298.936,37495.075,32401.612,31407.855,34730.157,41396.763,40905.385,41521.441,42944.237,50956.632,63475.77,63277.752,64843.561,69221.959,72507.591,80435.645,94124.556,85023.062,107853.804
Romania,196617.206,198153.679,195773.796,200562.898,189272.205,194343.666,202147.042,212165.286,212777.675,214141.799,174087.158,140288.419,128645.694,125297.723,119140.83,126049.458,125407.733,112624.571,99830.408,89742.491,90681.243,96632.784,97237.839,101062.52,96904.142,96456.768,103350.728,102224.959,96365.093,81576.082,79412.552,84880.049,81722.762,70945.449,70003.03
Rwanda,495.045,601.388,608.722,696.73,634.391,616.056,597.721,616.056,696.73,689.396,542.716,487.711,487.711,495.045,473.043,462.042,480.377,498.712,487.711,509.713,528.048,531.715,531.715,520.714,528.048,528.048,528.048,557.384,542.716,575.719,590.387,663.727,737.067,803.073,839.743
South Asia,359501.67900000006,387715.57700000005,402746.61,435192.226,447627.023,492357.08900000004,526174.1630000001,562132.765,606881.166,660778.732,710671.9340000001,750290.2019999998,797983.204,827348.54,877469.0960000003,928543.0720000002,1012117.6690000001,1049678.75,1069733.5729999999,1134852.159,1181100.363,1197268.1659999997,1217814.3669999999,1270164.4590000003,1340519.5210000002,1416188.066,1510675.6550000003,1629299.4380000003,1798062.112,1976769.69,1969230.3380000002,2101777.72,2284078.958,2302942.005999999,2516434.746
Saudi Arabia,169404.399,175491.619,158091.704,161050.973,155715.488,172653.361,204878.957,190706.002,202554.079,203738.52,185803.223,267768.007,285534.622,313818.193,307961.994,235161.043,258750.854,216239.323,207680.545,226459.252,296935.325,297214.017,326407.004,327272.416,395834.315,397642.146,432739.003,387777.916,430175.77,468965.296,518491.798,499878.106,564842.678,541047.515,601046.969
Sudan,3747.674,3641.331,3828.348,3909.022,3505.652,4074.037,4250.053,3351.638,4847.774,3758.675,5221.808,4891.778,4378.398,3021.608,4147.377,4297.724,4433.403,5419.826,4697.427,5093.463,5533.503,6369.579,8118.738,9072.158,11463.042,10982.665,12013.092,14125.284,14913.689,15562.748,15940.449,15658.09,14642.331,15474.74,15364.73
Senegal,3351.638,3296.633,3054.611,2632.906,3307.634,2676.91,2662.242,2453.223,2742.916,3696.336,3182.956,3424.978,3479.983,3593.66,3901.688,3494.651,3740.34,3263.63,3428.645,3700.003,3938.358,4330.727,4510.41,4976.119,5232.809,5812.195,4730.43,5181.471,5093.463,4583.75,7744.704,8368.094,7913.386,8423.099,8855.805
Singapore,31433.524,26849.774,29750.371,34997.848,33402.703,33417.371,35027.184,32599.63,36105.282,41888.141,44495.378,45269.115,48426.402,51187.653,61682.607,42174.167,49698.851,58429.978,48617.086,50069.218,49005.788,49541.17,47230.96,31132.83,28474.255,30359.093,30799.133,19926.478,36134.618,55932.751,55643.058,45221.444,36372.973,55676.061,56372.791
Solomon Islands,102.676,135.679,121.011,143.013,143.013,150.347,154.014,161.348,157.681,161.348,146.68,146.68,143.013,143.013,139.346,143.013,143.013,143.013,143.013,150.347,150.347,157.681,157.681,161.348,161.348,161.348,165.015,179.683,187.017,194.351,198.018,198.018,198.018,201.685,201.685
Sierra Leone,608.722,693.063,553.717,689.396,616.056,663.727,674.728,498.712,458.375,374.034,487.711,546.383,447.374,447.374,513.38,399.703,473.043,443.707,414.371,366.7,425.372,568.385,608.722,652.726,641.725,546.383,733.4,641.725,663.727,652.726,726.066,898.415,1030.427,1191.775,1309.119
El Salvador,2134.194,1833.5,1767.494,1903.173,1606.146,1987.514,1991.181,2449.556,2471.558,2588.902,2511.895,3171.955,3318.635,3795.345,4594.751,5027.457,4569.082,5474.831,5812.195,5698.518,5742.522,5947.874,6039.549,6552.929,6365.912,6453.92,6846.289,6978.301,6545.595,6442.919,6457.587,6648.271,6662.939,6230.233,6285.238
Somalia,814.074,275.025,718.732,935.085,715.065,858.078,924.084,993.757,1008.425,957.087,733.4,707.731,682.062,641.725,630.724,590.387,568.385,539.049,513.38,491.378,480.377,502.379,586.72,594.054,594.054,594.054,594.054,608.722,601.388,597.721,612.389,605.055,608.722,608.722,608.722
Sub-Saharan Africa,378496.90969956986,404131.78782537824,426457.6189562911,433261.8235757157,464893.1861883364,476651.65576862224,482696.5290191396,475233.49277081015,505904.52453451854,481497.9765642956,438830.2536143699,453466.8308598839,437483.8072027827,458492.82228605513,466742.12481875264,500758.6288192181,511091.678739255,532827.7360952339,519714.27754390077,523849.71887700056,564526.6158570958,573267.6874662709,571035.2155559225,625891.8263281143,690781.6027338782,663129.3097017193,695990.7038580246,721088.4270425213,754971.6491378912,743994.4033432264,746611.9118682952,757777.9736951785,767551.9800688432,784109.1822852527,822819.0340742427
Sao Tome and Principe,40.337,44.004,47.671,55.005,51.338,55.005,51.338,51.338,47.671,47.671,47.671,47.671,47.671,47.671,47.671,47.671,47.671,47.671,47.671,47.671,47.671,51.338,58.672,66.006,73.34,77.007,84.341,84.341,84.341,91.675,99.009,102.676,113.677,113.677,113.677
Suriname,2372.549,2031.518,1873.837,1375.125,1554.808,1598.812,1760.16,1760.16,1877.504,1855.502,1771.161,2053.52,2068.188,2042.519,2046.186,2064.521,2086.523,2108.525,2108.525,2126.86,2196.533,2368.882,1565.809,1543.807,1562.142,1595.145,1745.492,1763.827,1943.51,2002.182,2401.885,1969.179,2258.872,1917.841,1991.181
Sweden,71759.523,69430.978,62291.329,58297.966,57333.545,62394.005,62038.306,59717.095,57443.555,55533.048,51946.722,51525.017,51026.305,51756.038,54894.99,55155.347,55910.749,52148.407,52977.149,51106.979,49350.486,51125.314,57425.22,54781.313,54520.956,51561.687,49570.506,48059.702,49123.132,43065.248,52023.729,51734.036,47047.61,44847.41,43420.947
Swaziland,465.709,436.373,436.373,271.358,333.697,440.04,458.375,436.373,436.373,436.373,425.372,326.363,264.024,132.012,484.044,454.708,341.031,1202.776,1213.777,1239.446,1188.108,1144.104,1125.769,1041.428,1030.427,1019.426,1015.759,1063.43,1096.433,1045.095,1037.761,1048.762,1206.443,1089.099,1202.776
Seychelles,95.342,99.009,84.341,99.009,99.009,150.347,165.015,201.685,198.018,234.688,150.347,172.349,172.349,183.35,201.685,198.018,234.688,341.031,432.706,509.713,572.052,634.391,539.049,550.05,737.067,689.396,733.4,641.725,693.063,524.381,443.707,341.031,440.04,403.37,495.045
Syrian Arab Republic,20802.891,26637.088,24488.226,27960.875,33091.008,29651.362,31352.85,36226.293,36945.025,34565.142,37359.396,42529.866,42918.568,45665.151,46647.907,41664.454,42804.891,40960.39,50274.57,52372.094,51040.973,48778.434,39064.551,54275.267,51103.312,50626.602,53582.204,66468.042,67681.819,62331.666,61605.6,56908.173,44730.066,36438.979,30703.791
Chad,209.019,209.019,205.352,205.352,216.353,179.683,187.017,198.018,66.006,102.676,143.013,66.006,84.341,91.675,102.676,110.01,124.678,143.013,150.347,161.348,176.016,172.349,168.682,381.368,377.701,399.703,407.037,462.042,509.713,491.378,517.047,539.049,612.389,700.397,729.733
Togo,718.732,627.057,733.4,546.383,608.722,550.05,707.731,766.403,792.072,836.076,773.737,843.41,836.076,865.412,832.409,953.42,1059.763,986.423,1166.106,1536.473,1360.457,1162.439,1232.112,1463.133,1397.127,1338.455,1221.111,1408.128,1683.153,2783.253,2640.24,2464.224,2486.226,2658.575,2621.905
Thailand,40135.315,38048.792,37909.446,42452.859,45973.179,48672.091,49702.518,56944.843,67003.424,78891.838,90805.921,99782.737,109778.979,124949.358,139158.983,161153.649,180255.052,185916.9,164347.606,176126.01,181270.811,194600.356,208322.27,224574.414,243188.106,247467.495,252047.578,252447.281,252443.614,267602.992,281926.294,278317.966,296597.961,300088.945,316212.744
Tonga,40.337,47.671,44.004,47.671,47.671,47.671,47.671,55.005,69.673,69.673,77.007,95.342,69.673,84.341,91.675,95.342,77.007,99.009,88.008,110.01,95.342,88.008,102.676,117.344,110.01,113.677,128.345,113.677,121.011,132.012,117.344,102.676,106.343,113.677,121.011
Trinidad and Tobago,16937.873,17260.569,18426.675,16303.482,17535.594,20755.22,17385.247,17520.926,15867.109,16142.134,17025.881,17014.88,19152.741,17971.967,17440.252,17022.214,20590.205,18393.672,19123.405,22544.716,23839.167,26354.729,28620.935,31987.241,33432.039,38151.468,42676.546,45474.467,44385.368,44895.081,47935.024,46933.933,45419.462,46541.564,46273.873
Tunisia,9493.863,9834.894,9526.866,11305.361,11547.383,11939.752,12064.43,11749.068,12464.133,13234.203,13267.206,15489.408,15023.699,16501.5,15940.449,15735.097,16758.19,16945.207,18001.303,18331.333,19922.811,20817.559,20861.563,21246.598,22299.027,22662.06,22992.09,24110.525,24825.59,24788.92,27660.181,26021.032,27003.788,27667.515,28829.954
Turkey,75763.887,79874.594,86988.574,90541.897,95796.708,106717.034,116881.958,129907.142,126309.815,139316.664,145858.592,148619.843,153108.251,159136.799,156848.591,171974.966,188205.108,198535.047,200614.236,196771.22,216151.315,194552.685,205685.697,218523.864,225421.491,237390.579,261614.781,284658.209,283979.814,277844.923,298002.422,320840.498,329560.624,324771.522,345981.45
Tanzania,1884.838,2123.193,2167.197,2218.535,2368.882,2357.881,2299.209,2390.884,2288.208,2207.534,2266.206,2398.218,2324.878,2596.236,2405.552,3553.323,3461.648,2882.262,2555.899,2537.564,2651.241,3127.951,3589.993,3806.346,4363.73,5504.167,6028.548,5896.536,6142.225,5918.538,7106.646,8093.069,9545.201,11177.016,11562.051
Uganda,627.057,528.048,546.383,616.056,583.053,619.723,704.064,770.07,865.412,803.073,759.069,781.071,788.405,781.071,707.731,938.752,1059.763,1107.434,1265.115,1312.786,1430.13,1510.804,1558.475,1598.812,1738.158,2170.864,2537.564,2889.596,3190.29,3380.974,3920.023,4264.721,4070.37,4869.776,5229.142
Uruguay,5837.864,5375.822,4873.443,3817.347,3450.647,3296.633,3179.289,3560.657,4807.437,4880.777,3993.363,4554.414,5170.47,4466.406,4066.703,4591.084,5441.828,5555.505,5687.517,6725.278,5306.149,5089.796,4620.42,4598.418,5610.51,5775.525,6648.271,6002.879,8265.418,8060.066,6387.914,7763.039,8694.457,7587.023,6747.28
United States,4723209.677,4535800.308,4306748.487,4341878.347,4475192.132,4492555.377,4495463.308,4688373.177,4892526.068,4955081.421,4823403.118,4820847.219,4909533.614,5028674.444,5094354.081,5132919.92,5252112.088,5368715.354,5401010.623,5504669.379,5693684.894,5595794.329,5641309.133,5675701.926,5756075.232,5789727.291,5697285.888,5789030.561,5614110.994,5263505.457,5395532.125,5289680.503,5119436.361,5159160.972,5254279.285
St. Vincent and the Grenadines,36.67,36.67,40.337,47.671,66.006,66.006,66.006,77.007,66.006,77.007,80.674,77.007,84.341,102.676,121.011,128.345,132.012,132.012,161.348,165.015,146.68,179.683,187.017,198.018,220.02,220.02,220.02,227.354,227.354,311.695,220.02,198.018,253.023,209.019,209.019
"Venezuela, RB",90802.254,91968.36,93405.824,93101.463,93218.807,101278.873,109529.623,110981.755,116097.22,108854.895,122162.438,115440.827,105972.633,124391.974,129965.814,133350.455,122804.163,133988.513,167339.878,173122.737,152422.522,172587.355,193316.906,192103.129,151733.126,165095.674,169514.409,160786.949,179114.615,179789.343,189070.52,176822.74,198766.068,183922.052,185220.17
British Virgin Islands,29.336,44.004,36.67,40.337,40.337,47.671,55.005,62.339,66.006,66.006,66.006,66.006,69.673,73.34,80.674,84.341,95.342,99.009,102.676,102.676,102.676,106.343,113.677,121.011,124.678,132.012,143.013,150.347,161.348,165.015,172.349,176.016,176.016,176.016,179.683
Vietnam,16820.529,17726.278,18382.671,19317.756,17550.262,21165.924,23091.099,25969.694,23182.774,17509.925,21407.946,21451.95,21477.619,23006.758,26230.051,29090.311,34667.818,45100.433,47513.319,47693.002,53644.543,61139.891,70806.103,78767.16,90549.231,98143.588,102745.673,104872.533,117993.059,128634.693,142737.975,152169.499,142220.928,147230.05,166910.839
Vanuatu,62.339,51.338,51.338,55.005,55.005,121.011,58.672,47.671,66.006,62.339,66.006,66.006,62.339,62.339,62.339,66.006,84.341,84.341,80.674,84.341,84.341,88.008,84.341,84.341,58.672,58.672,47.671,99.009,95.342,121.011,121.011,132.012,113.677,106.343,154.014
Samoa,99.009,102.676,113.677,113.677,113.677,113.677,113.677,113.677,113.677,121.011,102.676,106.343,110.01,110.01,113.677,117.344,124.678,128.345,132.012,135.679,143.013,146.68,146.68,154.014,150.347,161.348,165.015,172.349,179.683,187.017,187.017,201.685,198.018,198.018,198.018
"Yemen, Rep.",3318.635,4231.718,5947.874,6329.242,7172.652,8657.787,8269.085,8683.456,9603.873,9996.242,9596.539,9207.837,9952.238,8705.458,9064.824,10465.618,10637.967,13358.881,12200.109,13894.263,14642.331,16208.14,15764.433,17304.573,18881.383,20043.822,21316.271,20971.573,22339.364,24561.566,23432.13,19666.121,18668.697,25496.651,22698.73
South Africa,228454.1,257368.395,280749.187,292230.564,315948.72,324214.138,330855.075,329025.242,343055.184,341108.007,313304.813,326410.671,301687.757,321049.517,339168.164,362259.263,364400.791,386131.433,377726.669,375236.776,378665.421,372042.819,356637.752,404459.099,450186.589,416915.898,447894.714,466578.079,496772.157,503112.4,474099.096,470582.443,468770.945,466376.394,489771.854
Zambia,3531.321,3366.306,3520.32,3270.964,2819.923,2753.917,2889.596,2702.579,3142.619,2603.57,2445.889,2416.553,2456.89,2500.894,2420.22,2170.864,1870.17,2390.884,2313.877,1807.831,1822.499,1906.84,1983.847,2112.192,2145.195,2288.208,2291.875,1928.842,2170.864,2508.228,2691.578,2937.267,3667.0,3956.693,4503.076
Zimbabwe,9636.876,9435.191,8811.801,10461.951,9922.902,10263.933,13127.86,15240.052,16101.797,16186.138,15643.422,15955.117,17011.213,16362.154,17795.951,15130.042,14994.363,14407.643,14253.629,15834.106,13923.599,12596.145,11965.421,10656.302,9486.529,10769.979,10447.283,9886.232,7770.373,5603.176,7777.707,9563.536,7792.375,11675.728,12020.426
